-- phpMyAdmin SQL Dump
-- version 4.8.4
-- https://www.phpmyadmin.net/
--
-- Host: 127.0.0.1
-- Generation Time: Jun 25, 2019 at 10:03 AM
-- Server version: 10.1.37-MariaDB
-- PHP Version: 7.3.1

SET SQL_MODE = "NO_AUTO_VALUE_ON_ZERO";
SET AUTOCOMMIT = 0;
START TRANSACTION;
SET time_zone = "+00:00";


/*!40101 SET @OLD_CHARACTER_SET_CLIENT=@@CHARACTER_SET_CLIENT */;
/*!40101 SET @OLD_CHARACTER_SET_RESULTS=@@CHARACTER_SET_RESULTS */;
/*!40101 SET @OLD_COLLATION_CONNECTION=@@COLLATION_CONNECTION */;
/*!40101 SET NAMES utf8mb4 */;

--
-- Database: `graddoc`
--

-- --------------------------------------------------------

--
-- Table structure for table `dear_to`
--

CREATE TABLE `dear_to` (
  `dear_to_id` tinyint(1) NOT NULL DEFAULT '0',
  `dear_to_title` varchar(60) DEFAULT NULL
) ENGINE=MyISAM DEFAULT CHARSET=utf8;

--
-- Dumping data for table `dear_to`
--

INSERT INTO `dear_to` (`dear_to_id`, `dear_to_title`) VALUES
(1, 'ผู้อำนวยการสำนักทะเบียนและประมวลผล'),
(2, 'หัวหน้าฝ่ายทะเบียนการศึกษาบัณฑิตศึกษา'),
(3, 'รองผู้อำนวยการสำนักทะเบียนและประมวลผล'),
(4, 'บุคลากรในฝ่าย');

-- --------------------------------------------------------

--
-- Table structure for table `doc`
--

CREATE TABLE `doc` (
  `reg_num` smallint(5) UNSIGNED ZEROFILL NOT NULL DEFAULT '00000',
  `gra_num` smallint(5) UNSIGNED ZEROFILL NOT NULL,
  `date` date NOT NULL,
  `fac_id` smallint(3) NOT NULL DEFAULT '0',
  `from_sub_num` varchar(15) NOT NULL,
  `from_run_num` varchar(15) DEFAULT NULL,
  `dear_to_id` tinyint(1) NOT NULL DEFAULT '0',
  `title` varchar(250) NOT NULL,
  `staff_id` tinyint(1) NOT NULL,
  `status` bit(1) DEFAULT b'1' COMMENT '0 = คืน',
  `year_show` smallint(4) NOT NULL DEFAULT '0'
) ENGINE=MyISAM DEFAULT CHARSET=utf8;

--
-- Dumping data for table `doc`
--

INSERT INTO `doc` (`reg_num`, `gra_num`, `date`, `fac_id`, `from_sub_num`, `from_run_num`, `dear_to_id`, `title`, `staff_id`, `status`, `year_show`) VALUES
(01555, 00309, '2019-02-18', 6, '', '742', 1, 'ขอลงทะเบียนเพื่อใช้บริการของมหาวิทยาลัยหลังกำหนดเป็นกรณีพิเศษ ภาค2/2561', 4, b'1', 2562),
(01574, 00310, '2019-02-20', 15, '', '510', 1, 'ขอลงทะเบียนเพื่อใช้บริการของมหาวิทยาลัยหลังกำหนดเป็นกรณีพิเศษ ภาค2/2561', 4, b'1', 2562),
(01552, 00306, '2019-02-18', 9, '.7.4.1', 'บศ.154', 1, 'ขอแก้ I - 1/61 - 600931001', 5, b'1', 2562),
(01553, 00307, '2019-02-18', 3, '', '344', 1, 'ขอแก้ I - 1/61 - 610331006', 5, b'1', 2562),
(01554, 00308, '2019-02-18', 2, '13', '54', 1, 'ขอลงทะเบียนเพื่อใช้บริการของมหาวิทยาลัยหลังกำหนดเป็นกรณีพิเศษ ภาค2/2561', 4, b'1', 2562),
(01514, 00303, '2019-02-18', 4, '', '355', 1, 'ขอลงทะเบียนเพื่อใช้บริการของมหาวิทยาลัยหลังกำหนดเป็นกรณีพิเศษ ภาค2/2561', 4, b'1', 2562),
(01515, 00304, '2019-02-18', 19, '', '0389', 1, 'ขอลงทะเบียนเพื่อใช้บริการของมหาวิทยาลัยหลังกำหนดเป็นกรณีพิเศษ ภาค2/2561', 4, b'1', 2562),
(01551, 00305, '2019-02-18', 21, '', '0403', 1, 'CMR54 - 4 ราย', 5, b'1', 2562),
(01575, 00311, '2019-02-20', 24, '', '339', 1, 'แจ้งรายชื่อนักศึกษาได้รับทุน', 4, b'1', 2562),
(01576, 00312, '2019-02-20', 99, '', 'ว.632', 1, 'แจ้งรับรองคุณวุฒิ', 3, b'1', 2562),
(01577, 00313, '2019-02-20', 99, '', 'ว.633', 1, 'แจ้งรับรองคุณวุฒิ', 3, b'1', 2562),
(01578, 00314, '2019-02-20', 101, '', '03649', 1, 'ขออนุมัติผ่อนผันการชำระค่าธรรมเนียมการศึกษา 2/2561', 1, b'1', 2562),
(01579, 00315, '2019-02-20', 8, '', '417', 1, 'CMR54 - 560831055', 5, b'1', 2562),
(01584, 00316, '2019-02-21', 3, '', '371', 1, 'ขอลงทะเบียนเพื่อใช้บริการของมหาวิทยาลัยหลังกำหนดเป็นกรณีพิเศษ ภาค2/2561', 4, b'0', 2562),
(01589, 00317, '2019-02-21', 7, '', '3070', 1, 'CMR54 - 580731050', 5, b'1', 2562),
(01590, 00318, '2019-02-21', 15, '', '513', 1, 'CMR54 - 591532228', 5, b'1', 2562),
(01591, 00319, '2019-02-21', 21, '', '0414', 1, 'CMR54 - 602132010', 5, b'1', 2562),
(01592, 00320, '2019-02-21', 15, '', '521', 1, 'ส่งเกรด - 161 - 705784 - 36 ราย', 5, b'1', 2562),
(01598, 00321, '2019-02-21', 5, '', '1374', 1, 'ขอผ่อนผันการชำระค่าธรรมเนียม 2/2561', 1, b'1', 2562),
(01621, 00322, '2019-02-22', 5, '', '1449', 1, 'ขอลงทะเบียนเพื่อใช้บริการของมหาวิทยาลัยหลังกำหนดเป็นกรณีพิเศษ ภาค2/2561', 4, b'1', 2562),
(01622, 00323, '2019-02-22', 5, '', '1448', 1, 'ขอลงทะเบียนเพื่อใช้บริการของมหาวิทยาลัยหลังกำหนดเป็นกรณีพิเศษ ภาค2/2561', 4, b'1', 2562),
(01623, 00324, '2019-02-22', 5, '', '1384', 1, 'CMR54 - 590531095', 5, b'1', 2562),
(01624, 00325, '2019-02-22', 4, '', '386', 1, 'CMR54 - 580431012', 5, b'1', 2562),
(01637, 00326, '2019-02-22', 99, '', '674', 1, 'อนุมัติขยายเวลาศึกษาต่อ 2/2561 (อีก 1 ภาคการศึกษา)', 2, b'1', 2562),
(01638, 00327, '2019-02-22', 99, '', '675', 1, 'ส่งประกาศ นักศึกษาพ้นสภาพฯ', 2, b'1', 2562),
(01639, 00328, '2019-02-22', 15, '', '538', 1, 'ส่งเกรด - 161 - 10 วิชา - 197ราย', 5, b'1', 2562),
(01650, 00329, '2019-02-25', 4, '', '390', 1, 'ขอลงทะเบียนเพื่อใช้บริการของมหาวิทยาลัยหลังกำหนดเป็นกรณีพิเศษ ภาค2/2561', 1, b'1', 2562),
(01651, 00330, '2019-02-25', 99, '', 'ว.637', 1, 'แจ้งรับรองคุณวุฒิ', 3, b'1', 2562),
(01652, 00331, '2019-02-25', 6, '', '791', 1, 'CMR54 - 2 ราย', 5, b'1', 2562),
(01653, 00332, '2019-02-25', 11, '', '0327', 1, 'CMR54 - 591131024', 5, b'1', 2562),
(01673, 00333, '2019-02-25', 9, '.7.4.1', '169', 1, 'ขอลงทะเบียนเพื่อใช้บริการของมหาวิทยาลัยหลังกำหนดเป็นกรณีพิเศษ ภาค2/2561', 4, b'1', 2562),
(01674, 00334, '2019-02-25', 9, '.7.4.1', '173', 1, 'CMR54 - 580931005', 5, b'1', 2562),
(01675, 00335, '2019-02-25', 15, '', '549', 1, 'ส่งเกรด - 260 - 591532292', 5, b'1', 2562),
(01676, 00336, '2019-02-25', 99, '', '683', 1, 'ส่งคำสั่ง นักศึกษาเปลี่ยนแบบการศึกษา', 2, b'1', 2562),
(01677, 00337, '2019-02-25', 99, '', '684', 1, 'ส่งคำสั่ง โอนนักศึกษาจากระดับปริญญาโทเป็นเอก', 2, b'1', 2562),
(01703, 00338, '2019-02-26', 99, '', '714', 1, 'อนุมัติขยายเวลาศึกษาต่อ 2/2561', 2, b'1', 2562),
(01704, 00339, '2019-02-26', 15, '', '561', 1, 'ส่งเกรด - 161 - 703797 - 64 ราย', 5, b'1', 2562),
(01705, 00340, '2019-02-26', 8, '', '461', 1, 'ขอลงทะเบียนเพื่อใช้บริการของมหาวิทยาลัยหลังกำหนดเป็นกรณีพิเศษ ภาค2/2561', 4, b'1', 2562),
(01720, 00341, '2019-02-26', 19, '', '0474', 1, 'ขอลงทะเบียนเพื่อใช้บริการของมหาวิทยาลัยหลังกำหนดเป็นกรณีพิเศษ ภาค2/2561', 4, b'1', 2562),
(01721, 00342, '2019-02-26', 12, '', '1631', 1, 'CMR54 - 581231010', 5, b'1', 2562),
(01722, 00343, '2019-02-26', 12, '', '1446', 1, 'CMR54 - 581231037', 5, b'1', 2562),
(01723, 00344, '2019-02-26', 13, '', '358', 1, 'CMR54 - 571331015', 5, b'1', 2562),
(01724, 00345, '2019-02-26', 13, '', '3293', 1, 'CMR54 - 570731060', 5, b'1', 2562),
(01741, 00346, '2019-02-27', 24, '', '369', 1, 'แจ้งรายชื่อนักศึกษาได้รับทุน', 4, b'1', 2562),
(01742, 00347, '2019-02-27', 9, '.7.4.1', 'บศ.191', 1, 'ขอแก้ไขอักษรลำดับขั้น 7 ราย', 5, b'1', 2562),
(01743, 00348, '2019-02-27', 24, '', '370', 1, 'ขอลงทะเบียนกระบวนวิชาหลังกำหนดเป็นกรณีพิเศษ ภาค2/2561', 4, b'1', 2562),
(01744, 00349, '2019-02-27', 4, '', '413', 1, 'แก้ I - 161 - 156702 - 610431025', 5, b'1', 2562),
(01765, 00350, '2019-02-27', 2, '13', '60', 1, 'ขอเปลี่ยนแปลงอาจารย์ผู้สอน 070737', 3, b'1', 2562),
(01761, 00351, '2019-02-27', 6, '', '858', 1, 'ขอลงทะเบียนกระบวนวิชาหลังกำหนดเป็นกรณีพิเศษ ภาค2/2561', 4, b'1', 2562),
(01783, 00352, '2019-02-28', 8, '', '489', 1, 'CMR54 - 570831041', 5, b'1', 2562),
(01784, 00353, '2019-02-28', 3, '', '434', 1, 'ขอผ่อนผันการชำระค่าธรรมเนียม 2/2561', 1, b'1', 2562),
(01785, 00354, '2019-02-28', 15, '', '587', 1, 'ขอลงทะเบียนเพื่อใช้บริการของมหาวิทยาลัยหลังกำหนดเป็นกรณีพิเศษ ภาค2/2561', 4, b'1', 2562),
(01786, 00355, '2019-02-28', 15, '', '586', 1, 'แก้P - 260 - 705889 - 601551005', 5, b'1', 2562),
(01787, 00356, '2019-02-28', 15, '', '585', 1, 'ส่งเกรด - 161 - 3วิชา - 8 ราย', 5, b'1', 2562),
(01788, 00357, '2019-02-28', 8, '', '498', 1, 'ขอลงทะเบียนเพื่อใช้บริการของมหาวิทยาลัยหลังกำหนดเป็นกรณีพิเศษ ภาค2/2561', 4, b'1', 2562),
(01789, 00358, '2019-02-28', 8, '', '496', 1, 'ขอลงทะเบียนเพื่อใช้บริการของมหาวิทยาลัยหลังกำหนดเป็นกรณีพิเศษ ภาค2/2561', 4, b'1', 2562),
(01796, 00359, '2019-02-28', 17, '', '0403', 1, 'ขอลงทะเบียนเพื่อใช้บริการของมหาวิทยาลัยหลังกำหนดเป็นกรณีพิเศษ ภาค2/2561', 4, b'1', 2562),
(01797, 00360, '2019-02-28', 99, '', '737', 1, 'อนุมัติรับนักศึกษา 2/2561 เป็นกรณีพิเศษ', 1, b'1', 2562),
(01801, 00361, '2019-03-01', 4, '', '434', 1, 'CMR54 - 5680455803', 5, b'1', 2562),
(01802, 00362, '2019-03-01', 2, '13', '63', 1, 'ขอลงทะเบียนเพื่อใช้บริการของมหาวิทยาลัยหลังกำหนดเป็นกรณีพิเศษ ภาค2/2561', 4, b'1', 2562),
(01803, 00363, '2019-03-01', 5, '', '1603', 1, 'CMR54 - 570551042', 5, b'1', 2562),
(01804, 00364, '2019-03-01', 5, '', '1605', 1, 'ขอลงทะเบียนเพื่อใช้บริการของมหาวิทยาลัยหลังกำหนดเป็นกรณีพิเศษ ภาค2/2561', 4, b'1', 2562),
(01805, 00365, '2019-03-01', 5, '', '1606', 1, 'ขอลงทะเบียนเพื่อใช้บริการของมหาวิทยาลัยหลังกำหนดเป็นกรณีพิเศษ ภาค2/2561', 4, b'1', 2562),
(01806, 00366, '2019-03-01', 5, '', '1607', 1, 'ขอลงทะเบียนเพื่อใช้บริการของมหาวิทยาลัยหลังกำหนดเป็นกรณีพิเศษ ภาค2/2561', 4, b'1', 2562),
(01807, 00367, '2019-03-01', 15, '', '597', 1, 'ขอลงทะเบียนกระบวนวิชาหลังกำหนดเป็นกรณีพิเศษ ภาค2/2561', 4, b'1', 2562),
(01808, 00368, '2019-03-01', 99, '', 'ว.744', 1, 'แจ้งรับรองคุณวุฒิ 7 หลักสูตร', 3, b'1', 2562),
(01809, 00369, '2019-03-01', 15, '', '598', 1, 'ส่งเกรด - 161 - 5วิชา - 185 ราย', 5, b'1', 2562),
(01817, 00370, '2019-03-01', 16, '4.3.1', '24', 1, 'ขอแจ้งนักศึกษาถึงแก่กรรม', 2, b'1', 2562),
(01822, 00371, '2019-03-01', 1, '', '665', 1, 'CMR54 - 590132016', 5, b'1', 2562),
(01823, 00372, '2019-03-01', 1, '', '666', 1, 'CMR54 - 4 ราย', 5, b'1', 2562),
(01824, 00373, '2019-03-01', 8, '', '524', 1, 'CMR54 - 580831057', 5, b'1', 2562),
(01825, 00374, '2019-03-01', 6, '', '889', 1, 'CMR54 - 2 ราย', 5, b'1', 2562),
(01836, 00375, '2019-03-04', 2, '13', '65', 1, 'ขอเปลี่ยนแปลงการลงทะเบียน', 3, b'1', 2562),
(01845, 00376, '2019-03-04', 3, '', '455', 1, 'ขอแก้ไขอักษรลำดับขั้น 4 ราย', 5, b'1', 2562),
(01846, 00377, '2019-03-04', 20, '', '326', 1, 'ขอลงทะเบียนเพื่อใช้บริการของมหาวิทยาลัยหลังกำหนดเป็นกรณีพิเศษ ภาค2/2561', 4, b'1', 2562),
(01867, 00378, '2019-03-05', 99, '', '789', 1, 'อนุมัติขยายเวลาศึกษาต่อ 2/2561 (อีก 1 ภาคการศึกษา)', 2, b'1', 2562),
(01868, 00379, '2019-03-05', 99, '', '790', 1, 'คืนสภาพการเป็นนักศึกษา', 2, b'1', 2562),
(01869, 00380, '2019-03-05', 2, '13', '67', 1, 'ขอลงทะเบียนเพื่อใช้บริการของมหาวิทยาลัยหลังกำหนดเป็นกรณีพิเศษ ภาค2/2561', 4, b'1', 2562),
(01870, 00381, '2019-03-05', 101, '', '04189', 1, 'ขออนุมัติผ่อนผันการชำระค่าธรรมเนียมการศึกษา 2/2561', 1, b'1', 2562),
(01897, 00382, '2019-03-06', 101, '', '04196', 1, 'ขออนุมัติผ่อนผันการชำระค่าธรรมเนียมการศึกษา 2/2561', 1, b'1', 2562),
(01898, 00383, '2019-03-06', 101, '', '04397', 1, 'ขออนุมัติผ่อนผันการชำระค่าธรรมเนียมการศึกษา 2/2561', 1, b'1', 2562),
(01899, 00384, '2019-03-06', 13, '', '381', 1, 'CMR54 - 551351005', 5, b'1', 2562),
(01900, 00385, '2019-03-06', 5, '', '1705', 1, 'ขอลงทะเบียนเพื่อใช้บริการของมหาวิทยาลัยหลังกำหนดเป็นกรณีพิเศษ ภาค2/2561', 4, b'1', 2562),
(01901, 00386, '2019-03-06', 5, '', '1704', 1, 'ขอลงทะเบียนเพื่อใช้บริการของมหาวิทยาลัยหลังกำหนดเป็นกรณีพิเศษ ภาค2/2561', 4, b'1', 2562),
(01910, 00387, '2019-03-06', 10, '.1.3.2', '108', 1, 'ขอลงทะเบียนเพื่อใช้บริการของมหาวิทยาลัยหลังกำหนดเป็นกรณีพิเศษ ภาค2/2561', 4, b'1', 2562),
(01911, 00388, '2019-03-06', 12, '', '0737', 1, 'CMR54 - 591231003', 5, b'1', 2562),
(01922, 00389, '2019-03-07', 5, '', '1726', 1, 'CMR54 - 560551069', 5, b'1', 2562),
(01923, 00390, '2019-03-07', 2, '13', '71', 1, 'ขอเปิดและเปลี่ยนแปลงกระบวนวิชา', 3, b'1', 2562),
(01924, 00391, '2019-03-07', 2, '13', '72', 1, 'ขอเปิดและเปลี่ยนแปลงกระบวนวิชา', 3, b'1', 2562),
(01925, 00392, '2019-03-07', 1, '.1.4', '717', 1, 'ขอลงทะเบียนเพื่อใช้บริการของมหาวิทยาลัยหลังกำหนดเป็นกรณีพิเศษ ภาค2/2561', 4, b'1', 2562),
(01926, 00393, '2019-03-07', 1, '', '725', 1, 'CMR54 - 590132004', 5, b'1', 2562),
(01927, 00394, '2019-03-07', 1, '', '723', 1, 'CMR54 - 560151001', 5, b'1', 2562),
(01928, 00395, '2019-03-07', 99, '', 'ว.822', 1, 'ส่งสำเนา นักศึกษาลาออก', 2, b'1', 2562),
(01933, 00396, '2019-03-07', 2, '13', '76', 1, 'ขอลงทะเบียนเพื่อใช้บริการของมหาวิทยาลัยหลังกำหนดเป็นกรณีพิเศษ ภาค2/2561', 4, b'1', 2562),
(01934, 00397, '2019-03-07', 2, '13', '75', 1, 'ขอลงทะเบียนเพื่อใช้บริการของมหาวิทยาลัยหลังกำหนดเป็นกรณีพิเศษ ภาค2/2561', 4, b'1', 2562),
(01935, 00398, '2019-03-07', 99, '', '825', 1, 'ส่งรายละเอียดกระบวนวิชาแก้ไข', 3, b'1', 2562),
(01942, 00399, '2019-03-08', 5, '', '1771', 1, 'ขอลงทะเบียนเพื่อใช้บริการของมหาวิทยาลัยหลังกำหนดเป็นกรณีพิเศษ ภาค2/2561', 4, b'1', 2562),
(01955, 00400, '2019-03-08', 17, '', '0467', 1, 'CMR54 - 591731006', 5, b'1', 2562),
(01956, 00401, '2019-03-08', 101, '', '04667', 1, 'ขออนุมัติผ่อนผันการชำระค่าธรรมเนียมการศึกษา 2/2561', 1, b'1', 2562),
(01957, 00402, '2019-03-08', 99, '', '852', 1, 'ส่งเอกสารเสนอขออนุมัติปริญญา (มช.22 บว.)', 2, b'1', 2562),
(01958, 00403, '2019-03-08', 99, '', '850', 1, 'ส่งเอกสารเสนอขออนุมัติปริญญา (มช.22 บว.)', 2, b'1', 2562),
(01953, 00404, '2019-03-08', 99, '', '642', 1, 'ตรวจสอบเงื่อนไขการลงทะเบียน', 4, b'1', 2562),
(01967, 00405, '2019-03-11', 16, '4.2.1', '143', 1, 'CMR54 - 601635821', 5, b'1', 2562),
(01968, 00406, '2019-03-11', 16, '4.2.1', '142', 1, 'CMR54 - 601635824', 5, b'1', 2562),
(01969, 00407, '2019-03-11', 5, '', '1787', 1, 'ขอลงทะเบียนเพื่อใช้บริการของมหาวิทยาลัยหลังกำหนดเป็นกรณีพิเศษ ภาค2/2561', 4, b'1', 2562),
(01982, 00408, '2019-03-11', 2, '13', '78', 1, 'ขอเปลี่ยนตอนกระบวนวิชาหลังกำหนด', 4, b'1', 2562),
(01997, 00409, '2019-03-12', 8, '', '620', 1, 'CMR54 - 580831072', 5, b'1', 2562),
(02002, 00410, '2019-03-12', 1, '', '797', 1, 'แก้ I - 161 - 013722 -610132015', 5, b'1', 2562),
(02003, 00411, '2019-03-12', 99, '', '881', 1, 'แจ้งอนุมัติเปลี่ยนแขนงวิชา', 2, b'1', 2562),
(02014, 00412, '2019-03-14', 7, '', '4607', 1, 'CMR54 - 560751015', 5, b'1', 2562),
(02027, 00413, '2019-03-14', 101, '', '04870', 1, 'ขอส่งรายชื่อเจ้าหน้าที่รับเงินค่ารายงานตัวขึ้นทะเบียนเป็นนักศึกษา 1/2562 รอบที่ 1', 1, b'1', 2562),
(02028, 00414, '2019-03-14', 99, '', '891', 1, 'ส่งคำสั่ง โอนกระบวนวิชา', 5, b'1', 2562),
(02029, 00415, '2019-03-14', 99, '', '892', 1, 'นักศึกษาเปลี่ยนแบบการศึกษา', 2, b'1', 2562),
(02030, 00416, '2019-03-14', 99, '', '893', 1, 'ส่งคำสั่ง โอนกระบวนวิชา', 5, b'1', 2562),
(02031, 00417, '2019-03-14', 99, '', '894', 1, 'นักศึกษาเปลี่ยนแบบการศึกษา', 2, b'1', 2562),
(02032, 00418, '2019-03-14', 99, '', '896', 1, 'อนุมัติขยายเวลาศึกษาต่อ 2/2561 (อีก 1 ภาคการศึกษา)', 2, b'1', 2562),
(02033, 00419, '2019-03-14', 99, '', '897', 1, 'ยกเลิกนักศึกษาบัณฑิตศึกษาพ้นสภาพฯ', 2, b'1', 2562),
(02050, 00420, '2019-03-14', 99, '', '42430', 1, 'CMR54 - 599931019', 5, b'1', 2562),
(02051, 00421, '2019-03-14', 99, '', '4840', 1, 'ผลตรวจสอบเงื่อนไขการลงทะเบียน', 4, b'1', 2562),
(02052, 00422, '2019-03-14', 99, '', '907', 1, 'ขอแจ้งผลการตรวจสอบสถานภาพ', 2, b'1', 2562),
(02060, 00423, '2019-03-15', 99, '', 'ว.922', 1, 'แจ้งรับรองคุณวุฒิ 12 หลักสูตร', 3, b'1', 2562),
(02061, 00424, '2019-03-15', 2, '13', '86', 1, 'CMR54 - 2 ราย', 5, b'1', 2562),
(02062, 00425, '2019-03-15', 3, '', '553', 1, 'ขอลงทะเบียนเพื่อใช้บริการของมหาวิทยาลัยหลังกำหนดเป็นกรณีพิเศษ ภาค2/2561', 4, b'1', 2562),
(02071, 00426, '2019-03-15', 5, '', '1987', 1, 'ขอรายงานตัวหลังกำหนด 1/62', 1, b'1', 2562),
(02076, 00427, '2019-03-15', 10, '.1.3.2', '107', 1, 'ขอชี้แจงเหตุผลเพิ่มเติม', 4, b'1', 2562),
(02080, 00428, '2019-03-18', 1, '.1.4', '856', 1, 'ขอลงทะเบียนเพื่อใช้บริการของมหาวิทยาลัยหลังกำหนดเป็นกรณีพิเศษ ภาค2/2561', 4, b'1', 2562),
(02130, 00429, '2019-03-19', 1, '', '870', 1, 'CMR54 - 590132066', 5, b'1', 2562),
(02131, 00430, '2019-03-19', 4, '', '567', 1, 'ขอลงทะเบียนเพื่อใช้บริการของมหาวิทยาลัยหลังกำหนดเป็นกรณีพิเศษ ภาค2/2561', 4, b'1', 2562),
(02132, 00431, '2019-03-19', 8, '', '671', 1, 'CMR54 - 2 ราย', 5, b'1', 2562),
(02133, 00432, '2019-03-19', 15, '', '744', 1, 'CMR54 - 591532034', 5, b'1', 2562),
(02134, 00433, '2019-03-19', 15, '', '745', 1, 'ขอส่งเอกสารเพิ่มเติม', 4, b'1', 2562),
(02138, 00434, '2019-03-19', 22, '', '327', 1, 'ขอลงทะเบียนเพื่อใช้บริการของมหาวิทยาลัยหลังกำหนดเป็นกรณีพิเศษ ภาค2/2561', 4, b'0', 2562),
(02141, 00435, '2019-03-19', 5, '', '2033', 1, 'CMR54 - 580531128', 5, b'1', 2562),
(02142, 00436, '2019-03-19', 5, '', '2032', 1, 'CMR54 - 590551009', 5, b'1', 2562),
(02143, 00437, '2019-03-19', 17, '', '0515', 1, 'CMR54 - 581731008', 5, b'1', 2562),
(02144, 00438, '2019-03-19', 99, '', '952', 1, 'ส่งรายละเอียดปรับปรุงกระบวนวิชา และ เปิด/ปิดวิชา', 3, b'1', 2562),
(02145, 00439, '2019-03-19', 15, '', '747', 1, 'ขอลงทะเบียนเพื่อใช้บริการของมหาวิทยาลัยหลังกำหนดเป็นกรณีพิเศษ ภาค2/2561', 4, b'1', 2562),
(02156, 00440, '2019-03-20', 12, '', '2323', 1, 'CMR54 - 591231045', 5, b'1', 2562),
(02157, 00441, '2019-03-20', 9, '.7.4.1', 'บศ.230', 1, 'CMR54 - 5 ราย', 5, b'1', 2562),
(02158, 00442, '2019-03-20', 6, '', '1134', 1, 'CMR54 - 560631163', 5, b'1', 2562),
(02167, 00443, '2019-03-20', 6, '', '1142', 1, 'ส่งหลักฐานการขอลงทะเบียนเกินกว่า 6 หน่วยกิต 3/2561', 3, b'1', 2562),
(02168, 00444, '2019-03-20', 8, '', '693', 1, 'ขอเพิ่มกระบวนวิชา - 590851004', 5, b'1', 2562),
(02179, 00445, '2019-03-21', 99, '', '987', 1, 'ขอแจ้งรายชื่อนักศึกษาลาพักการศึกษา 2/2561 เพิ่มเติม', 2, b'1', 2562),
(02180, 00446, '2019-03-21', 2, '13', '92', 1, 'ขอแก้ไขกระบวนวิชาวิทยานิพนธ์', 3, b'1', 2562),
(02181, 00447, '2019-03-21', 1, '.1.4', '891', 1, 'ขอลงทะเบียนเพื่อใช้บริการของมหาวิทยาลัยหลังกำหนดเป็นกรณีพิเศษ ภาค2/2561', 4, b'1', 2562),
(02184, 00448, '2019-03-21', 99, '', '993', 1, 'CMR54 - 579931002', 5, b'1', 2562),
(02185, 00449, '2019-03-21', 5, '', '2071', 1, 'แก้ I - 161 - 3วิชา - 610531054', 5, b'1', 2562),
(02198, 00450, '2019-03-22', 8, '', '716', 1, 'CMR54 - 580831077', 5, b'1', 2562),
(02199, 00451, '2019-03-22', 5, '', '2101', 1, 'CMR54 - 580531016', 5, b'1', 2562),
(02200, 00452, '2019-03-22', 4, '', '596', 1, 'CMR54 - 550452002', 5, b'1', 2562),
(02207, 00453, '2019-03-22', 1, '', '927', 1, 'แก้ I - 161 - 023737 - 590132020', 5, b'0', 2562),
(02208, 00454, '2019-03-22', 6, '', '1180', 1, 'ส่งหลักฐานการขอเพิ่มกระบนวิชา 2/61 610631052', 5, b'0', 2562),
(02209, 00455, '2019-03-22', 3, '', '604', 1, 'CMR54 - 590331014', 5, b'1', 2562),
(02210, 00456, '2019-03-22', 3, '', '606', 1, 'CMR54 - 590331013', 5, b'1', 2562),
(02211, 00457, '2019-03-22', 3, '', '605', 1, 'CMR54 - 590331006', 5, b'1', 2562),
(02212, 00458, '2019-03-22', 24, '', '524', 1, 'ขอลงทะเบียนกระบวนวิชาหลังกำหนดเป็นกรณีพิเศษ ภาค2/2561', 4, b'1', 2562),
(02247, 00459, '2019-03-25', 13, '', '458', 1, 'ขออนุมัติเพิ่มกระบวนวิชาปฏิบัติการ 611331030', 4, b'1', 2562),
(02252, 00460, '2019-03-25', 99, '', '1031', 1, 'ขอผ่อนผันการชำระค่าธรรมเนียม 1/2562', 1, b'1', 2562),
(02253, 00461, '2019-03-25', 6, '', '1223', 1, 'ขอรายงานตัวหลังกำหนด 1/62', 1, b'1', 2562),
(02254, 00462, '2019-03-25', 6, '', '1222', 1, 'ขอถอนกระบวนวิชาย้อนหลัง - 600651015', 5, b'1', 2562),
(02255, 00463, '2019-03-25', 16, '4.2.1', '163', 1, 'CMR54 - 591632029', 5, b'1', 2562),
(02256, 00464, '2019-03-25', 5, '', '2152', 1, 'ขอยกเว้นชำระเงินในวันรายงานตัว 1/62', 1, b'1', 2562),
(02257, 00465, '2019-03-25', 5, '', '2154', 1, 'ขออนุมัติผ่อนผันการชำระค่าธรรมเนียมการศึกษา 1/2562', 1, b'1', 2562),
(02258, 00466, '2019-03-25', 15, '', '764', 1, 'CMR54 - 581532103', 5, b'1', 2562),
(02237, 00467, '2019-03-25', 99, '', '1023', 1, 'ส่งคำสั่ง โอนกระบวนวิชา - 600631136', 5, b'1', 2562),
(02271, 00468, '2019-03-26', 99, '', '1021', 1, 'แจ้งชื่อเจ้าหน้าที่อำนวยความสะดวกวันรายงานตัว', 1, b'1', 2562),
(02272, 00469, '2019-03-26', 24, '', '527', 1, 'ส่งหลักฐานการขอลงทะเบียน 2/61', 4, b'1', 2562),
(02285, 00470, '2019-03-26', 7, '', '5352', 1, 'ขอยื่นผ่อนผันการยื่น วันรายงานตัวนักศึกษาบัณฑิตศึกษา', 1, b'1', 2562),
(02286, 00471, '2019-03-26', 2, '13', '100', 1, 'CMR54 - 2 ราย', 5, b'1', 2562),
(02287, 00472, '2019-03-26', 16, '4.2.1', '165', 1, 'ขอยกเลิกผลสอบ S เป็นโมฆะ - 2 ราย', 5, b'1', 2562),
(02288, 00473, '2019-03-26', 16, '4.2.1', '166', 1, 'ขอยกเลิกผลสอบ S เป็นโมฆะ - 601635814', 5, b'1', 2562),
(02289, 00474, '2019-03-26', 99, '', '1040', 1, 'ส่งประกาศ นักศึกษาพ้นสภาพฯ', 2, b'1', 2562),
(02290, 00475, '2019-03-26', 99, '', '1052', 1, 'บัญชีอัตราค่าธรรมเนียม', 1, b'1', 2562),
(02291, 00476, '2019-03-26', 99, '', '1062', 1, 'อนุมัติขยายเวลาศึกษาต่อ 2/2561 (อีก 1 ภาคการศึกษา)', 2, b'1', 2562),
(02292, 00477, '2019-03-26', 99, '', '1063', 1, 'ส่งประกาศ นักศึกษาพ้นสภาพฯ', 2, b'1', 2562),
(02316, 00478, '2019-03-27', 24, '', '539', 1, 'ขอลงทะเบียนกระบวนวิชาหลังกำหนดเป็นกรณีพิเศษ ภาค2/2561', 4, b'1', 2562),
(02317, 00479, '2019-03-27', 2, '13', '101', 1, 'ขอเลื่อนการรายงานตัว', 1, b'1', 2562),
(02333, 00480, '2019-03-28', 16, '4.2.1', '169', 1, 'CMR54 - 591631002', 5, b'1', 2562),
(02334, 00481, '2019-03-28', 19, '', '0726', 1, 'ขอแจ้งชื่อผู้แทนในการรายงานตัว', 1, b'1', 2562),
(02335, 00482, '2019-03-28', 6, '', '1180', 1, 'ขอเพิ่มกระบวนวิชา - 610631052', 5, b'1', 2562),
(02350, 00483, '2019-03-28', 7, '', '5524', 1, 'ขอขยายวันรายงานตัว (หลักสูตรนานาชาติ)', 4, b'1', 2562),
(02351, 00484, '2019-03-28', 19, '', '0757', 1, 'CMR54 - 591931021', 5, b'1', 2562),
(02361, 00485, '2019-03-28', 4, '', '644', 1, 'ขอเปลี่ยนแปลงการลงทะเบียน', 3, b'0', 2562),
(02363, 00486, '2019-03-29', 8, '', '776', 1, 'CMR54 - 580831050', 5, b'1', 2562),
(02378, 00487, '2019-03-29', 24, '', '533', 1, 'ขอผ่อนผันการรายงานตัว', 1, b'1', 2562),
(02379, 00488, '2019-03-29', 2, '13', '104', 1, 'ขอรายงานตัวหลังกำหนด 1/62', 1, b'1', 2562),
(02380, 00489, '2019-03-29', 99, '', '1119', 1, 'ขออนุมัติให้ลงทะเบียนเพื่อใช้บริการของมหาวิทยาลัยหลังกำหนดเป็นกรณีพิเศษ ภาค2/2561', 4, b'1', 2562),
(02381, 00490, '2019-03-29', 99, '', '1115', 1, 'อนุมัติเทียบแทนกระบวนวิชา 2 ราย', 5, b'1', 2562),
(02388, 00491, '2019-03-29', 4, '', '645', 1, 'CMR54 - 590435902', 5, b'1', 2562),
(02393, 00492, '2019-04-01', 8, '', '795', 1, 'CMR54 - 570831068', 5, b'1', 2562),
(02394, 00493, '2019-04-01', 99, '', '1125', 1, 'CMR54 - 2 ราย', 5, b'1', 2562),
(02395, 00494, '2019-04-01', 6, '', '1329', 1, 'CMR54 - 570632097', 5, b'1', 2562),
(02396, 00495, '2019-04-01', 15, '', '829', 1, 'CMR54 - 591532004', 5, b'1', 2562),
(02397, 00496, '2019-04-01', 5, '', '2248', 1, 'ขอรายงานตัวหลังกำหนด 1/62', 1, b'1', 2562),
(02403, 00497, '2019-04-01', 4, '', '659', 1, 'ขอรายงานตัวหลังกำหนด 1/62', 1, b'1', 2562),
(02404, 00498, '2019-04-01', 5, '', '2276', 1, 'ขอผ่อนผันการชำระค่าธรรมเนียมในวันรายงานตัว 1/2562', 1, b'1', 2562),
(02405, 00499, '2019-04-01', 7, '', '5660', 1, 'CMR54 - 590731054', 5, b'1', 2562),
(02406, 00500, '2019-04-01', 7, '', '5661', 1, 'CMR54 - 590731039', 5, b'1', 2562),
(02407, 00501, '2019-04-01', 7, '', '5659', 1, 'CMR54 - 580731034', 5, b'1', 2562),
(02415, 00502, '2019-04-01', 4, '', '644', 1, 'ขอเปลี่ยนแปลงการลงทะเบียน', 3, b'1', 2562),
(02419, 00503, '2019-04-02', 8, '', '806', 1, 'CMR54 - 570832034', 5, b'1', 2562),
(02420, 00504, '2019-04-02', 14, '', '964', 1, 'CMR54 - 581455802', 5, b'1', 2562),
(02442, 00505, '2019-04-02', 6, '', '1361', 1, 'ขอเพิ่มกระบวนวิชา - 600631136', 5, b'1', 2562),
(02470, 00506, '2019-04-03', 99, '', '1151', 1, 'ขอส่งสำเนาเอกสาร', 4, b'1', 2562),
(02491, 00507, '2019-04-04', 22, '', '371', 1, 'ขอลงทะเบียนเพื่อใช้บริการของมหาวิทยาลัยหลังกำหนดเป็นกรณีพิเศษ ภาค2/2561', 4, b'1', 2562),
(02492, 00508, '2019-04-04', 5, '', '2341', 1, 'ขอผ่อนผันการชำระค่าธรรมเนียมในวันรายงานตัว 1/2562', 1, b'1', 2562),
(02546, 00509, '2019-04-09', 99, '', '1197', 1, 'ข้อบังคับมหาวิทยาลัยเชียงใหม่ ว่าด้วยการศึกษาตลอดชีวิต', 1, b'1', 2562),
(02558, 00510, '2019-04-09', 99, '', '1220', 1, 'ส่งคำสั่ง คืนสภาพการเป็นนักศึกษา', 2, b'1', 2562),
(02559, 00511, '2019-04-09', 99, '', '1221', 1, 'ส่งคำสั่ง โอนกระบวนวิชา - 612635803', 5, b'1', 2562),
(02560, 00512, '2019-04-09', 99, '', '1222', 1, 'ส่งคำสั่ง นักศึกษาเปลี่ยนแบบการศึกษา', 2, b'1', 2562),
(02561, 00513, '2019-04-09', 99, '', '1223', 1, 'ส่งคำสั่ง นักศึกษาเปลี่ยนแบบการศึกษา', 2, b'1', 2562),
(02572, 00514, '2019-04-10', 4, '', '731', 1, 'แก้ I - 161 - 169789 - 590455805', 5, b'1', 2562),
(02573, 00515, '2019-04-10', 7, '', '6370', 1, 'แก้ I - 161 - 309805 - 10 ราย', 5, b'1', 2562),
(02574, 00516, '2019-04-10', 20, '', '497', 1, 'แก้ I - 161 - 178702 - 8 ราย', 5, b'1', 2562),
(02588, 00517, '2019-04-10', 5, '', '2467', 1, 'CMR54 - 570531030', 5, b'1', 2562),
(02589, 00518, '2019-04-10', 99, '', '1242', 1, 'ส่งคำสั่ง โอนนักศึกษา', 2, b'1', 2562),
(02586, 00519, '2019-04-10', 2, '13', '109', 1, 'แก้ I - 161 - 6 วิชา - 94 ราย', 5, b'1', 2562),
(02587, 00520, '2019-04-10', 5, '', '2468', 1, 'CMR54 - 570551053', 5, b'1', 2562),
(02610, 00521, '2019-04-11', 24, '', '629', 1, 'ขอลงทะเบียนกระบวนวิชาหลังกำหนดเป็นกรณีพิเศษ ภาค2/2561', 4, b'1', 2562),
(02611, 00522, '2019-04-11', 6, '', '1460', 1, 'CMR54 - 570651024', 5, b'1', 2562),
(02612, 00523, '2019-04-11', 4, '', '738', 1, 'แก้ I - 173791 - 2 ราย', 5, b'1', 2562),
(02613, 00524, '2019-04-11', 13, '', '569', 1, 'แก้ I - 161 - 2 วิชา - 2 ราย', 5, b'1', 2562),
(02634, 00525, '2019-04-17', 12, '', '2661', 1, 'CMR54 - 591231020', 5, b'1', 2562),
(02635, 00526, '2019-04-17', 1, '.1.4', '1104', 1, 'แก้ I - 161 - 3 วิชา - 7 ราย', 5, b'1', 2562),
(02646, 00527, '2019-04-17', 9, '.7.4.1', 'บศ.333', 1, 'CMR54 - 590931006', 5, b'1', 2562),
(02647, 00528, '2019-04-17', 9, '.7.4.1', 'บศ.338', 1, 'แก้ I - 161 -4วิชา - 30 ราย', 5, b'1', 2562),
(02648, 00529, '2019-04-17', 5, '', '2518', 1, 'แก้ I - 161 - 202759 - 610551911', 5, b'1', 2562),
(02649, 00530, '2019-04-17', 5, '', '2520', 1, 'ขอเปลี่ยนแปลงรายละเอียดวิชา', 3, b'1', 2562),
(02650, 00531, '2019-04-17', 6, '', '1476', 1, 'CMR54 - 2 ราย', 5, b'1', 2562),
(02658, 00532, '2019-04-17', 99, '', '1278', 1, 'อนุมัติขยายเวลาศึกษาต่อ 2/2561 (อีก 1 ภาคการศึกษา)', 2, b'1', 2562),
(02636, 00533, '2019-04-18', 1, '', '1112', 1, 'ขอเปลี่ยนแปลงกำหนดการสอบไล่', 1, b'1', 2562),
(02676, 00534, '2019-04-18', 16, '4.2.1', '200', 1, 'CMR54 - 591632005', 5, b'1', 2562),
(02677, 00535, '2019-04-18', 15, '', '966', 1, 'CMR54 - 591532178', 5, b'1', 2562),
(02678, 00536, '2019-04-18', 21, '', '0932', 1, 'CMR54 - 2 ราย', 5, b'1', 2562),
(02685, 00537, '2019-04-18', 99, '', 'ว.1318', 1, 'ปรับปรุงแก้ไขหลักสูตร', 3, b'1', 2562),
(02696, 00538, '2019-04-19', 16, '4.2.1', '201', 1, 'CMR54 - 581635921', 5, b'1', 2562),
(02697, 00539, '2019-04-19', 16, '4.2.1', '202', 1, 'CMR54 - 581635929', 5, b'1', 2562),
(02702, 00540, '2019-04-19', 6, '', '1529', 1, 'ขอรายงานตัวหลังกำหนด 1/62', 1, b'0', 2562),
(02703, 00541, '2019-04-19', 5, '', '2596', 1, 'CMR54 - 560551033', 5, b'1', 2562),
(02704, 00542, '2019-04-19', 5, '', '2597', 1, 'CMR54 - 570532004', 5, b'1', 2562),
(02705, 00543, '2019-04-19', 5, '', '2598', 1, 'CMR54 - 560551072', 5, b'1', 2562),
(02737, 00544, '2019-04-22', 15, '', '984', 1, 'CMR54 - 591532039', 5, b'1', 2562),
(02738, 00545, '2019-04-22', 99, '', '1360', 1, 'ส่งประกาศ นักศึกษาพ้นสภาพฯ', 2, b'1', 2562),
(02739, 00546, '2019-04-22', 9, '.7.4.1', 'บศ.377', 1, 'แก้ P - 3 วิชา - 28 ราย', 5, b'1', 2562),
(02749, 00547, '2019-04-22', 6, '', '1547', 1, 'CMR54 - 2 ราย', 5, b'1', 2562),
(02750, 00548, '2019-04-22', 15, '', '987', 1, 'CMR54 - 20 ราย', 5, b'1', 2562),
(02751, 00549, '2019-04-22', 99, '', 'ว.1368', 1, 'แจ้งรับรองคุณวุฒิ', 3, b'1', 2562),
(02752, 00550, '2019-04-22', 2, '13', '121', 1, 'CMR54 - 2 ราย', 5, b'1', 2562),
(02753, 00551, '2019-04-22', 16, '4.2.1', '208', 1, 'CMR54 - 581635933', 5, b'1', 2562),
(02754, 00552, '2019-04-22', 16, '4.2.1', '207', 1, 'CMR54 - 581635918', 5, b'1', 2562),
(02765, 00553, '2019-04-23', 13, '', '596', 1, 'ขอลงทะเบียนเพื่อใช้บริการของมหาวิทยาลัยหลังกำหนดเป็นกรณีพิเศษ ภาค2/2561', 4, b'1', 2562),
(02771, 00554, '2019-04-23', 99, '', '1384', 1, 'ส่งคำสั่ง โอนนักศึกษา', 2, b'0', 2562),
(02772, 00555, '2019-04-23', 99, '', 'ว.1374', 1, 'ปรับปรุงแก้ไขหลักสูตร', 3, b'1', 2562),
(02773, 00556, '2019-04-23', 1, '', '6910', 1, 'CMR54 - 540731077', 5, b'1', 2562),
(02787, 00557, '2019-04-24', 16, '4.2.2', '213', 1, 'แก้ I - 161 - 751814 - 3 ราย', 5, b'1', 2562),
(02786, 00558, '2019-04-24', 16, '4.2', '212', 1, 'ขอเลื่อนส่งผลแก้ I 2/61', 5, b'1', 2562),
(02829, 00559, '2019-04-26', 24, '', '701', 1, 'ขอลงทะเบียนเพื่อใช้บริการของมหาวิทยาลัยหลังกำหนดเป็นกรณีพิเศษ ภาค2/2561', 4, b'1', 2562),
(02830, 00560, '2019-04-26', 6, '', '1612', 1, 'ขออนุมัติคืนสิทธ์และขอรายงานตัว', 1, b'1', 2562),
(02831, 00561, '2019-04-26', 10, '.1.3.2', '175', 1, 'CMR54 - 571031010', 5, b'1', 2562),
(02832, 00562, '2019-04-26', 7, '', '7228', 1, 'CMR54 - 540751032', 5, b'1', 2562),
(02833, 00563, '2019-04-26', 7, '', '7231', 1, 'CMR54 - 570751027', 5, b'1', 2562),
(02854, 00564, '2019-04-29', 4, '', '827', 1, 'CMR54 - 590435802', 5, b'1', 2562),
(02846, 00565, '2019-04-29', 11, '', '0678', 1, 'CMR54 - 571151008', 5, b'1', 2562),
(02847, 00566, '2019-04-29', 8, '', '971', 1, 'CMR54 - 2 ราย', 5, b'1', 2562),
(02887, 00567, '2019-04-30', 4, '', '835', 1, 'CMR54 - 550455904', 5, b'1', 2562),
(02888, 00568, '2019-04-30', 8, '', '987', 1, 'CMR54 - 590831043', 5, b'1', 2562),
(02907, 00569, '2019-05-01', 1, '', '1208', 1, 'CMR54 - 580132034', 5, b'1', 2562),
(02908, 00570, '2019-05-01', 9, '.7.4.1', 'บศ.407', 1, 'CMR54 - 590931005', 5, b'1', 2562),
(02909, 00571, '2019-05-01', 12, '', '3439', 1, 'CMR54 - 561255902', 5, b'1', 2562),
(02910, 00572, '2019-05-01', 12, '', '3373', 1, 'CMR54 - 591231067', 5, b'1', 2562),
(02911, 00573, '2019-05-01', 15, '', '1055', 1, 'CMR54 - 2 ราย', 5, b'1', 2562),
(02912, 00574, '2019-05-01', 1, '', '1207', 1, 'CMR54 - 590132047', 5, b'1', 2562),
(02913, 00575, '2019-05-01', 1, '', '1220', 1, 'CMR54 - 3 ราย', 5, b'1', 2562),
(02914, 00576, '2019-05-01', 99, '', '1445', 1, 'ส่งเอกสารเสนอขออนุมัติปริญญา (มช.22 บว.)', 2, b'1', 2562),
(02920, 00577, '2019-05-01', 9, '.7.4.1', 'บศ.414', 1, 'CMR54 - 2 ราย', 5, b'1', 2562),
(02921, 00578, '2019-05-01', 13, '', '624', 1, 'CMR54 - 581331019', 5, b'1', 2562),
(02922, 00579, '2019-05-01', 6, '', '1659', 1, 'CMR54 - 580631165', 5, b'1', 2562),
(02923, 00580, '2019-05-01', 99, '', '1463', 1, 'ส่งสำเนาเอกสาร', 4, b'1', 2562),
(02938, 00581, '2019-05-02', 8, '', '1008', 1, 'CMR54 - 4 ราย', 5, b'1', 2562),
(02939, 00582, '2019-05-02', 5, '', '2821', 1, 'CMR54 - 580551051', 5, b'1', 2562),
(02940, 00583, '2019-05-02', 5, '', '2820', 1, 'CMR54 - 570551054', 5, b'1', 2562),
(02947, 00584, '2019-05-02', 99, '', '1476', 1, 'ส่งคำสั่ง โอนนักศึกษา', 2, b'1', 2562),
(02971, 00585, '2019-05-03', 15, '', '1075', 1, 'ส่งเกรด 2/2560 - 703791 - 591532296', 5, b'1', 2562),
(02984, 00586, '2019-05-03', 16, '4.2.1', '232', 1, 'CMR54 - 581655902', 5, b'1', 2562),
(02985, 00587, '2019-05-03', 7, '', '7646', 1, 'CMR54 - 600731001', 5, b'1', 2562),
(02986, 00588, '2019-05-03', 7, '', '7645', 1, 'CMR54 - 580731053', 5, b'1', 2562),
(02987, 00589, '2019-05-03', 7, '', '7646', 1, 'CMR54 -580755801', 5, b'1', 2562),
(02988, 00590, '2019-05-03', 99, '', 'ว.1489', 1, 'ขอความอนุเคราะห์เปลี่ยนสถานภาพนักศึกษาทดลองเรียนเป็นนักศึกษาเต็มเวลา', 2, b'1', 2562),
(03011, 00591, '2019-05-07', 99, '', '1523', 1, 'ขอส่งสำเนาเอกสาร', 1, b'1', 2562),
(03012, 00592, '2019-05-07', 99, '', '1515', 1, 'ส่งรายละเอียดปรับปรุงกระบวนวิชา', 3, b'1', 2562),
(03026, 00593, '2019-05-08', 8, '', '1046', 1, 'CMR54 - 560851005', 5, b'1', 2562),
(03027, 00594, '2019-05-08', 8, '', '1053', 1, 'CMR54 - 590832031', 5, b'1', 2562),
(03028, 00595, '2019-05-08', 15, '', '1122', 1, 'CMR54 - 4 ราย', 5, b'1', 2562),
(03029, 00596, '2019-05-08', 6, '', '1762', 1, 'CMR54 - 2 ราย', 5, b'1', 2562),
(03047, 00597, '2019-05-08', 9, '.7.4.1', 'บศ.437', 1, 'CMR54 - 590931010', 5, b'1', 2562),
(03048, 00598, '2019-05-08', 21, '', '1132', 1, 'CMR54 - 592131006', 5, b'1', 2562),
(03049, 00599, '2019-05-08', 21, '', '1133', 1, 'CMR54 - 4 ราย', 5, b'1', 2562),
(03092, 00600, '2019-05-13', 2, '13', '138', 1, 'CMR54 - 4 ราย', 5, b'1', 2562),
(03093, 00601, '2019-05-13', 12, '', '3583', 1, 'CMR54 - 561251002', 5, b'1', 2562),
(03094, 00602, '2019-05-13', 14, '', '1304', 1, 'CMR54 - 571431010', 5, b'1', 2562),
(03120, 00603, '2019-05-13', 6, '', '1804', 1, 'CMR54 - 580632081', 5, b'1', 2562),
(03121, 00604, '2019-05-13', 99, '', '1581', 1, 'ขอส่งสำเนาเอกสาร', 4, b'1', 2562),
(03122, 00605, '2019-05-13', 12, '', '3702', 1, 'CMR54 - 561255901', 5, b'1', 2562),
(03123, 00606, '2019-05-13', 12, '', '3713', 1, 'CMR54 - 561255906', 5, b'1', 2562),
(03142, 00607, '2019-05-14', 7, '', '7945', 1, 'CMR54 - 570751024', 5, b'1', 2562),
(03143, 00608, '2019-05-14', 99, '', '1590', 1, 'ส่งสำเนาเอกสาร', 4, b'1', 2562),
(03144, 00609, '2019-05-14', 99, '', '1593', 1, 'ส่งสำเนาเอกสาร', 4, b'1', 2562),
(03145, 00610, '2019-05-14', 5, '', '3022', 1, 'CMR54 - 590531063', 5, b'1', 2562),
(03146, 00611, '2019-05-14', 5, '', '3022', 1, 'CMR54 - 570531021', 5, b'1', 2562),
(03147, 00612, '2019-05-14', 5, '', '3025', 1, 'CMR54 - 560551042', 5, b'1', 2562),
(03148, 00613, '2019-05-14', 5, '', '3026', 1, 'CMR54 - 600531147', 5, b'1', 2562),
(03149, 00614, '2019-05-14', 5, '', '3027', 1, 'CMR54 - 540551068', 5, b'1', 2562),
(03150, 00615, '2019-05-14', 5, '', '3028', 1, 'CMR54 - 570531084', 5, b'1', 2562),
(03151, 00616, '2019-05-14', 5, '', '3030', 1, 'CMR54 - 560551019', 5, b'1', 2562),
(03152, 00617, '2019-05-14', 5, '', '3031', 1, 'CMR54 - 590531056', 5, b'1', 2562),
(03153, 00618, '2019-05-14', 5, '', '3032', 1, 'CMR54 - 560551053', 5, b'1', 2562),
(03154, 00619, '2019-05-14', 5, '', '3033', 1, 'CMR54 - 590531127', 5, b'1', 2562),
(03155, 00620, '2019-05-14', 11, '', '0749', 1, 'CMR54 - 591131019', 5, b'1', 2562),
(03156, 00621, '2019-05-14', 14, '', '1378', 1, 'CMR54 - 591431013', 5, b'1', 2562),
(03179, 00622, '2019-05-14', 8, '', '1089', 1, 'CMR54 - 4 ราย', 5, b'1', 2562),
(03180, 00623, '2019-05-14', 8, '', '580632025', 1, 'CMR54 - 580632025', 5, b'1', 2562),
(03189, 00624, '2019-05-15', 2, '13', '141', 1, 'CMR54 - 4 ราย', 5, b'1', 2562),
(03190, 00625, '2019-05-15', 16, '4.2.1', '259', 1, 'CMR54 - 601631008', 5, b'1', 2562),
(03191, 00626, '2019-05-15', 16, '4.2.1', '258', 1, 'CMR54 - 591635913', 5, b'1', 2562),
(03192, 00627, '2019-05-15', 16, '4.2.1', '257', 1, 'CMR54 - 601635802', 5, b'1', 2562),
(03193, 00628, '2019-05-15', 16, '4.2.1', '256', 1, 'CMR54 - 591635912', 5, b'1', 2562),
(03194, 00629, '2019-05-15', 16, '4.2.1', '255', 1, 'CMR54 - 591635920', 5, b'1', 2562),
(03195, 00630, '2019-05-15', 16, '4.2.1', '254', 1, 'CMR54 - 591635915', 5, b'1', 2562),
(03196, 00631, '2019-05-15', 16, '4.2.1', '253', 1, 'CMR54 - 591635908', 5, b'1', 2562),
(03197, 00632, '2019-05-15', 16, '4.2.1', '252', 1, 'CMR54 - 601635932', 5, b'1', 2562),
(03198, 00633, '2019-05-15', 16, '', '251', 1, 'CMR54 - 601635962', 5, b'1', 2562),
(03200, 00634, '2019-05-15', 16, '4.1.1', '268', 1, 'CMR54 - 591632047', 5, b'1', 2562),
(03201, 00635, '2019-05-15', 16, '4.2.1', '267', 1, 'CMR54 - 571632025', 5, b'1', 2562),
(03202, 00636, '2019-05-15', 16, '4.2.1', '266', 1, 'CMR54 - 591632046', 5, b'1', 2562),
(03203, 00637, '2019-05-15', 16, '4.2.1', '265', 1, 'CMR54 - 591632028', 5, b'1', 2562),
(03204, 00638, '2019-05-15', 16, '4.2.1', '264', 1, 'CMR54 - 591632025', 5, b'1', 2562),
(03205, 00639, '2019-05-15', 16, '4.2.1', '263', 1, 'CMR54 - 591632008', 5, b'1', 2562),
(03215, 00640, '2019-05-15', 7, '', '8025', 1, 'CMR54 - 570751021', 5, b'1', 2562),
(03216, 00641, '2019-05-15', 7, '', '8027', 1, 'CMR54 - 550751005', 5, b'1', 2562),
(03217, 00642, '2019-05-15', 7, '', '8034', 1, 'ส่งเกรด 2/2561', 5, b'1', 2562),
(03218, 00643, '2019-05-15', 7, '', '8035', 1, 'CMR54 - 570751008', 5, b'1', 2562),
(03219, 00644, '2019-05-15', 6, '', '1867', 1, 'CMR54 - 2 ราย', 5, b'1', 2562),
(03220, 00645, '2019-05-15', 7, '', '8036', 1, 'CMR54 - 600731004', 5, b'1', 2562),
(03221, 00646, '2019-05-15', 7, '', '8040', 1, '600731005', 5, b'1', 2562),
(03222, 00647, '2019-05-15', 7, '', '8041', 1, 'CMR54 - 590731032', 5, b'1', 2562),
(03223, 00648, '2019-05-15', 7, '', '8042', 1, 'CMR54 - 540751029', 5, b'1', 2562),
(03224, 00649, '2019-05-15', 7, '', '8032', 1, 'CMR54 - 600731026', 5, b'1', 2562),
(03225, 00650, '2019-05-15', 7, '', '8028', 1, 'CMR54 - 600731027', 5, b'1', 2562),
(03226, 00651, '2019-05-15', 14, '', '1399', 1, 'ขอลงทะเบียนเกิน 3/2561', 3, b'1', 2562),
(03254, 00652, '2019-05-16', 4, '', '972', 1, 'CMR54 - 590432040', 5, b'1', 2562),
(03255, 00653, '2019-05-16', 4, '', '973', 1, 'CMR54 - 580432007', 5, b'1', 2562),
(03256, 00654, '2019-05-16', 4, '', '974', 1, 'CMR54 - 580432012', 5, b'1', 2562),
(03257, 00655, '2019-05-16', 8, '', '1112', 1, 'CMR54 - 570831022', 5, b'1', 2562),
(03258, 00656, '2019-05-16', 22, '', '462', 1, 'CMR54 - 592232017', 5, b'1', 2562),
(00000, 00000, '0000-00-00', 0, '', '', 0, '', 0, b'1', 543),
(03286, 00657, '2019-05-17', 4, '', '994', 1, 'CMR54 - 590435806', 5, b'1', 2562),
(03287, 00658, '2019-05-17', 5, '', '3159', 1, 'CMR54 - 600531066', 5, b'1', 2562),
(03288, 00659, '2019-05-17', 5, '', '3160', 1, 'CMR54 - 580531118', 5, b'1', 2562),
(03289, 00660, '2019-05-17', 5, '', '3161', 1, 'CMR54 - 590531024', 5, b'1', 2562),
(03290, 00661, '2019-05-17', 5, '', '3164', 1, 'CMR54 - 600531023', 5, b'1', 2562),
(03291, 00662, '2019-05-17', 5, '', '3165', 1, 'CMR54 - 590532001', 5, b'1', 2562),
(03292, 00663, '2019-05-17', 5, '', '3167', 1, 'CMR54 - 570532055', 5, b'1', 2562),
(03293, 00664, '2019-05-17', 5, '', '3168', 1, 'CMR54 - 580532024', 5, b'1', 2562),
(03294, 00665, '2019-05-17', 5, '', '3169', 1, 'CMR54 - 580532003', 5, b'1', 2562),
(03295, 00666, '2019-05-17', 5, '', '3170', 1, 'CMR54 - 570532008', 5, b'1', 2562),
(03296, 00667, '2019-05-17', 5, '', '3171', 1, 'CMR54 - 560551023', 5, b'1', 2562),
(03297, 00668, '2019-05-17', 5, '', '3172', 1, 'CMR54 - 570551067', 5, b'1', 2562),
(03298, 00669, '2019-05-17', 5, '', '3174', 1, 'CMR54 - 580551034', 5, b'1', 2562),
(03299, 00670, '2019-05-17', 5, '', '3175', 1, 'CMR54 - 570531144', 5, b'1', 2562),
(03300, 00671, '2019-05-17', 5, '', '3176', 1, 'CMR54 - 610531049', 5, b'1', 2562),
(03301, 00672, '2019-05-17', 5, '', '3177', 1, 'CMR54 - 560551063', 5, b'1', 2562),
(03313, 00673, '2019-05-17', 3, '', '944', 1, 'ขอเปลี่ยนตอนกระบวนวิชา', 3, b'1', 2562),
(03314, 00674, '2019-05-17', 12, '', '3903', 1, 'CMR54 - 561255903', 5, b'1', 2562),
(03315, 00675, '2019-05-17', 14, '', '1432', 1, 'CMR54 - 581431015', 5, b'1', 2562),
(03316, 00676, '2019-05-17', 16, '4.2.1', '272', 1, 'CMR54 - 591635907', 5, b'1', 2562),
(03345, 00677, '2019-05-21', 15, '', '073', 1, 'ขอส่งเกรดหลังกำหนด 702712 702753', 5, b'1', 2562),
(03346, 00678, '2019-05-21', 5, '', '3228', 1, 'CMR54 - 600531079', 5, b'1', 2562),
(03347, 00679, '2019-05-21', 5, '4.2.1', '273', 1, 'CMR54 - 571632033', 5, b'1', 2562),
(03367, 00680, '2019-05-21', 26, '', '362', 1, 'ขอเปลี่ยนแปลงอาจารย์ผู้สอน', 3, b'1', 2562),
(03368, 00681, '2019-05-21', 1, '', '1414', 1, 'CMR54 - 600132047', 5, b'1', 2562),
(03369, 00682, '2019-05-21', 99, '', 'สร 1708', 1, 'ส่งเกรด 2/2561', 5, b'1', 2562),
(03383, 00683, '2019-05-22', 7, '', '8263', 1, 'ส่งเกรด 2/2561', 5, b'1', 2562),
(03384, 00684, '2019-05-22', 7, '', '8267', 1, 'ส่งเกรด 2/2561', 5, b'1', 2562),
(03385, 00685, '2019-05-22', 7, '', '8262', 1, 'ส่งเกรด 2/2561', 5, b'1', 2562),
(03386, 00686, '2019-05-22', 99, '', '1711', 1, 'ขอส่งสำเนาเอกสาร', 4, b'1', 2562),
(03387, 00687, '2019-05-22', 5, '', '3269', 1, 'ชี้แจงการให้เกรด W 2/2561', 5, b'1', 2562),
(03388, 00688, '2019-05-22', 7, '', '8269', 1, 'ส่งเกรด 2/2561', 5, b'1', 2562),
(03389, 00689, '2019-05-22', 7, '', '8265', 1, 'ส่งเกรด 2/2561', 5, b'1', 2562),
(03390, 00690, '2019-05-22', 7, '', '8264', 1, 'ส่งเกรด 2/2561', 5, b'1', 2562),
(03391, 00691, '2019-05-22', 7, '', '8268', 1, 'ส่งเกรด 2/2561', 5, b'1', 2562),
(03392, 00692, '2019-05-22', 7, '', '8266', 1, 'ส่งเกรด 2/2561', 5, b'1', 2562),
(03393, 00693, '2019-05-22', 99, '', '1715', 1, 'ส่งเอกสารเสนอขออนุมัติปริญญา (มช.22 บว.)', 2, b'1', 2562),
(03394, 00694, '2019-05-22', 14, '', '1458', 1, 'ส่งเอกสารเสนอขออนุมัติปริญญา (มช.22 บว.)', 2, b'1', 2562),
(03405, 00695, '2019-05-22', 8, '', '1139', 1, 'CMR54 - 590831031', 5, b'1', 2562),
(03406, 00696, '2019-05-22', 8, '', '1137', 1, 'CMR54 - 4 ราย', 5, b'1', 2562),
(03407, 00697, '2019-05-22', 13, '', '723', 1, 'ชี้แจงการให้เกรด W 2/2561', 5, b'1', 2562),
(03408, 00698, '2019-05-22', 99, '', '1717', 1, 'นักศึกษาเปลี่ยนแบบการศึกษา', 2, b'1', 2562),
(03409, 00699, '2019-05-22', 99, '', '1716', 1, 'แจ้งนักศึกษาเสียชีวิต', 2, b'1', 2562),
(03410, 00700, '2019-05-22', 20, '', '700', 1, 'CMR54 - 602032012', 5, b'1', 2562),
(03411, 00701, '2019-05-22', 20, '', '8317', 1, 'CMR54 - 590731022', 5, b'1', 2562),
(03412, 00702, '2019-05-22', 7, '', '8312', 1, 'CMR54 - 590731052', 5, b'1', 2562),
(03413, 00703, '2019-05-22', 7, '', '8315', 1, 'ส่งเกรด 2/2561', 5, b'1', 2562),
(03414, 00704, '2019-05-22', 7, '', '8270', 1, 'ส่งเกรด 2/2561', 5, b'1', 2562),
(03415, 00705, '2019-05-22', 7, '', '8316', 1, 'ส่งเกรด 2/2561', 5, b'1', 2562),
(03416, 00706, '2019-05-22', 7, '', '8314', 1, 'CMR54 - 580751002', 5, b'1', 2562),
(03417, 00707, '2019-05-22', 7, '', '8313', 1, 'CMR54 - 600731040', 5, b'1', 2562),
(03425, 00708, '2019-05-22', 13, '', '725', 1, 'ชี้แจงการให้เกรด W 2/2561', 5, b'1', 2562),
(03429, 00709, '2019-05-22', 19, '', '1209', 1, 'CMR54 - 16 ราย', 5, b'1', 2562),
(03448, 00710, '2019-05-23', 7, '', '8399', 1, 'ส่งเกรด 2/2561', 5, b'1', 2562),
(03449, 00711, '2019-05-23', 9, '.7.4.1', 'บ.ศ.564', 1, 'แก้ P - 4 วิชา - 22 ราย', 5, b'1', 2562),
(03474, 00712, '2019-05-23', 15, '', '112', 1, 'CMR54 - 2 ราย', 5, b'1', 2562),
(03475, 00713, '2019-05-23', 3, '', '973', 1, 'ชี้แจงการให้เกรด W 2/2561', 5, b'1', 2562),
(03476, 00714, '2019-05-23', 3, '', '2003', 1, 'CMR54 - 570631107', 5, b'1', 2562),
(03477, 00715, '2019-05-23', 3, '', '2006', 1, 'CMR54 - 590631001', 5, b'1', 2562),
(03478, 00716, '2019-05-23', 21, '', '1377', 1, 'CMR54 - 2 ราย', 5, b'1', 2562),
(03479, 00717, '2019-05-23', 21, '', '1376', 1, 'CMR54 - 2 ราย', 5, b'1', 2562),
(03480, 00718, '2019-05-23', 4, '', '1072', 1, 'CMR54 - 600435809', 5, b'1', 2562),
(03496, 00719, '2019-05-24', 21, '', '1385', 1, 'ชี้แจงการให้เกรด W 2/2561', 5, b'1', 2562),
(03507, 00720, '2019-05-24', 99, '', '1737', 1, 'ส่งรายละเอียดปรับปรุงกระบวนวิชา', 3, b'1', 2562),
(03508, 00721, '2019-05-24', 8, '', '1169', 1, 'CMR54 - 580832022', 5, b'1', 2562),
(03509, 00722, '2019-05-24', 16, '4.2.1', '299', 1, 'CMR54 - 581635915', 5, b'1', 2562),
(03510, 00723, '2019-05-24', 14, '', '1517', 1, 'CMR54 - 601431007', 5, b'1', 2562),
(03511, 00724, '2019-05-24', 5, '', '3331', 1, 'ชี้แจงการให้เกรด W 2/2561', 5, b'1', 2562),
(03512, 00725, '2019-05-24', 13, '', '733', 1, 'CMR54 - 561331006', 5, b'1', 2562),
(03513, 00726, '2019-05-24', 5, '', '3321', 1, 'CMR54 - 560551059', 5, b'1', 2562),
(03514, 00727, '2019-05-24', 5, '', '3322', 1, 'CMR54 - 600531032', 5, b'1', 2562),
(03515, 00728, '2019-05-24', 5, '', '3323', 1, 'CMR54 - 600531067', 5, b'1', 2562),
(03516, 00729, '2019-05-24', 5, '', '3324', 1, 'CMR54 - 570532051', 5, b'1', 2562),
(03517, 00730, '2019-05-24', 5, '', '3325', 1, 'CMR54 - 590551004', 5, b'1', 2562),
(03518, 00731, '2019-05-24', 5, '', '3327', 1, 'CMR54 - 570532050', 5, b'1', 2562),
(03519, 00732, '2019-05-24', 5, '', '3328', 1, 'CMR54 - 570532018', 5, b'1', 2562),
(03520, 00733, '2019-05-24', 5, '', '3329', 1, 'CMR54 - 600531033', 5, b'1', 2562),
(03521, 00734, '2019-05-24', 21, '', '1386', 1, 'ส่งเกรด 2/2561', 5, b'1', 2562),
(03522, 00735, '2019-05-24', 10, '.1.3.2', '199', 1, 'ส่งเกรด 2/2561', 5, b'1', 2562),
(03532, 00736, '2019-05-24', 17, '', '0946', 1, 'ชี้แจงการให้เกรด W 2/2561', 5, b'1', 2562),
(03536, 00737, '2019-05-24', 17, '', 'ว.1738', 1, 'ปรับปรุงแก้ไขหลักสูตร', 3, b'1', 2562),
(03537, 00738, '2019-05-24', 1, '', '1454', 1, 'ชี้แจงการให้เกรด W 2/2561', 5, b'1', 2562),
(03538, 00739, '2019-05-24', 1, '', '1450', 1, 'ชี้แจงการให้เกรด W 2/2561', 5, b'1', 2562),
(03539, 00740, '2019-05-24', 1, '', '1453', 1, 'ชี้แจงการให้เกรด W 2/2561', 5, b'1', 2562),
(03540, 00741, '2019-05-24', 1, '', '1451', 1, 'ชี้แจงการให้เกรด W 2/2561', 5, b'1', 2562),
(03541, 00742, '2019-05-24', 18, '1321', '104', 1, 'ส่งเกรด 2/2561', 5, b'1', 2562),
(03542, 00743, '2019-05-24', 15, '.4-2-4', '137', 1, 'ส่งเกรด 2/2561', 5, b'1', 2562),
(03543, 00744, '2019-05-24', 15, '', '136', 1, 'ส่งเกรด 2/2561', 5, b'1', 2562),
(03544, 00745, '2019-05-24', 15, '', '135', 1, 'ส่งเกรด 2/2561', 5, b'1', 2562),
(03545, 00746, '2019-05-24', 15, '4-2-1', '134', 1, 'ส่งเกรด 2/2561', 5, b'1', 2562),
(03546, 00747, '2019-05-24', 15, '4-2-1', '133', 1, 'ขอเลื่อนส่งเกรด 2/2561', 5, b'1', 2562),
(03547, 00748, '2019-05-24', 15, '', '132', 1, 'ส่งเกรด 2/2561', 5, b'1', 2562),
(03548, 00749, '2019-05-24', 15, '', '131', 1, 'ขอเลื่อนส่งเกรด 2/2561', 5, b'1', 2562),
(03549, 00750, '2019-05-24', 15, '', '128', 1, 'ส่งเกรด 2/2561', 5, b'1', 2562),
(03550, 00751, '2019-05-24', 15, '', '129', 1, 'ส่งเกรด 2/2561', 5, b'1', 2562),
(03554, 00752, '2019-05-24', 16, '4.1.1', '157', 1, 'ชี้แจงการให้เกรด W 2/2561', 5, b'1', 2562),
(03583, 00753, '2019-05-27', 22, '', '523', 1, 'ส่งเกรด 2/2561', 5, b'1', 2562),
(03584, 00754, '2019-05-27', 1, '', '1466', 1, 'CMR54 - 590131023', 5, b'1', 2562),
(03585, 00755, '2019-05-27', 1, '', '1465', 1, 'CMR54 - 590131003', 5, b'1', 2562),
(03586, 00756, '2019-05-27', 1, '', '1464', 1, 'CMR54 - 590132005', 5, b'1', 2562),
(03587, 00757, '2019-05-27', 5, '', '3343', 1, 'ชี้แจงการให้เกรด W 2/2561', 5, b'1', 2562),
(03588, 00758, '2019-05-27', 15, '4-2-1', '147', 1, 'ส่งเกรด 2/2560', 5, b'1', 2562),
(03603, 00759, '2019-05-27', 99, '', '1780', 1, 'ส่งสำเนาเอกสาร', 4, b'1', 2562),
(03604, 00760, '2019-05-27', 99, '', 'ว.1788', 1, 'ส่งประกาศ นักศึกษาลาออก', 2, b'1', 2562),
(03605, 00761, '2019-05-27', 99, '', '1783', 1, 'ส่งเอกสารเสนอขออนุมัติปริญญา (มช.22 บว.)', 2, b'1', 2562),
(03606, 00762, '2019-05-28', 15, '', '010', 1, 'แก้ P - 2 วิชา - 4 ราย', 5, b'1', 2562),
(03602, 00763, '2019-05-28', 15, '', '012', 1, 'แก้ P - 2 วิชา - 2 ราย', 5, b'1', 2562),
(03630, 00764, '2019-05-28', 1, '', '1490', 1, 'CMR54 - 570132030', 5, b'1', 2562),
(03631, 00765, '2019-05-28', 1, '', '1489', 1, 'CMR54 - 570132053', 5, b'1', 2562),
(03632, 00766, '2019-05-28', 1, '', '1488', 1, 'CMR54 - 580131027', 5, b'1', 2562),
(03633, 00767, '2019-05-28', 7, '', '8552', 1, 'CMR54 - 590731016', 5, b'1', 2562),
(03648, 00768, '2019-05-28', 16, '4.2.1', '308', 1, 'CMR54 - 591631012', 5, b'1', 2562),
(03649, 00769, '2019-05-28', 16, '4.2.1', '307', 1, 'CMR54 - 591631004', 5, b'1', 2562),
(03650, 00770, '2019-05-28', 16, '4.2.1', '306', 1, 'CMR54 - 591631001', 5, b'1', 2562),
(03663, 00771, '2019-05-29', 2, '13', '161', 1, 'CMR54 - 4 ราย', 5, b'1', 2562),
(03664, 00772, '2019-05-29', 15, '4-2-1', '174', 1, 'ขอส่งลำดับขั้นหลังกำหนด', 5, b'1', 2562),
(03665, 00773, '2019-05-29', 8, '', '1212', 1, 'CMR54 - 540851018', 5, b'1', 2562),
(03666, 00774, '2019-05-29', 8, '', '1218', 1, 'ขอถอนกระบวนวิชาย้อนหลัง - 600831007', 5, b'1', 2562),
(03667, 00775, '2019-05-29', 5, '', '3438', 1, 'CMR54 - 590531078', 5, b'1', 2562),
(03668, 00776, '2019-05-29', 5, '', '3340', 1, 'CMR54 - 560551012', 5, b'1', 2562),
(03669, 00777, '2019-05-29', 5, '', '3441', 1, 'CMR54 - 600535805', 5, b'1', 2562),
(03670, 00778, '2019-05-29', 5, '', '3442', 1, 'CMR54 - 600535806', 5, b'1', 2562),
(03671, 00779, '2019-05-29', 5, '', '3443', 1, 'CMR54 - 590551026', 5, b'1', 2562),
(03672, 00780, '2019-05-29', 5, '', '3444', 1, 'CMR54 - 580551080', 5, b'1', 2562),
(03673, 00781, '2019-05-29', 5, '', '3445', 1, 'CMR54 - 600531043', 5, b'1', 2562),
(03674, 00782, '2019-05-29', 5, '', '3446', 1, 'CMR54 - 570531022', 5, b'1', 2562),
(03675, 00783, '2019-05-29', 5, '', '3448', 1, 'CMR54 - 580531127', 5, b'1', 2562),
(03676, 00784, '2019-05-29', 5, '', '3449', 1, 'CMR54 - 58053110', 5, b'1', 2562),
(03677, 00785, '2019-05-29', 15, '4-2-1', '175', 1, 'ส่งเกรด 2/2561', 5, b'1', 2562),
(03678, 00786, '2019-05-29', 15, '4-2-4', '179', 1, 'ส่งเกรด 2/2561', 5, b'1', 2562),
(03689, 00787, '2019-05-29', 12, '', '4143', 1, 'ชี้แจงการให้เกรด W 2/2561', 5, b'1', 2562),
(03690, 00788, '2019-05-29', 3, '', '1003', 1, 'CMR54 - 580331022', 5, b'1', 2562),
(03691, 00789, '2019-05-29', 13, '', '756', 1, 'CMR54 - 561351004', 5, b'1', 2562),
(03692, 00790, '2019-05-29', 5, '', '3473', 1, 'CMR54 - 580551011', 5, b'1', 2562),
(03693, 00791, '2019-05-29', 5, '', '3472', 1, 'CMR54 - 580551066', 5, b'1', 2562),
(03694, 00792, '2019-05-29', 1, '', '1519', 1, 'CMR54 - 580132054', 5, b'1', 2562),
(03695, 00793, '2019-05-29', 16, '4.2.1', '310', 1, 'แก้ I - 161 - 3 ราย', 5, b'1', 2562),
(03696, 00794, '2019-05-29', 22, '', '532', 1, 'ส่งเกรด 1/2560', 5, b'1', 2562),
(03697, 00795, '2019-05-29', 22, '', '531', 1, 'CMR54 - 582232023', 5, b'1', 2562),
(03723, 00796, '2019-05-30', 1, '', '1527', 1, 'ชี้แจงการให้เกรด W 2/2561', 5, b'1', 2562),
(03724, 00797, '2019-05-30', 16, '', '317', 1, 'CMR54 - 601635907', 5, b'1', 2562),
(03725, 00798, '2019-05-30', 5, '', '3499', 1, 'ขอลงทะเบียนกระบวนวิชาหลังกำหนดเป็นกรณีพิเศษ ภาค2/2561', 4, b'1', 2562),
(03726, 00799, '2019-05-30', 5, '', '3497', 1, 'CMR54 - 580531044', 5, b'1', 2562),
(03727, 00800, '2019-05-30', 22, '', '541', 1, 'CMR54 - 3 ราย', 5, b'1', 2562),
(03737, 00801, '2019-05-30', 22, '', '1840', 1, 'แจ้งอนุมัติเทียบแทนวิชา', 5, b'1', 2562),
(03738, 00802, '2019-05-30', 2, '13', '186', 1, 'ขออนุมัติลงเกินหน่วยกิต 3/2561', 3, b'1', 2562),
(03762, 00803, '2019-05-31', 14, '', '1399', 1, 'ขอลงทะเบียนเกิน 3/2561', 3, b'1', 2562),
(03763, 00804, '2019-05-31', 8, '', '1259', 1, 'ส่งเกรด 1/2561', 5, b'1', 2562),
(03764, 00805, '2019-05-31', 8, '', '1257', 1, 'ขอเลื่อนการรายงานตัว แบบสมทบ', 4, b'1', 2562),
(03765, 00806, '2019-05-31', 18, '-1321', '112', 1, 'CMR54 - 571832018', 5, b'1', 2562),
(03766, 00807, '2019-05-31', 7, '', '8802', 1, 'CMR54 - 590751002', 5, b'1', 2562),
(03767, 00808, '2019-05-31', 99, '', '1852', 1, 'สกอ.พิจารณาความสอดคล้องหลักสูตร', 3, b'1', 2562),
(03809, 00809, '2019-06-04', 4, '', '1150', 1, 'ขออนุมัติให้นักศึกษาใหม่รายงานตัวหลังกำหนด', 4, b'1', 2562),
(03810, 00810, '2019-06-04', 8, '', '1263', 1, 'CMR54 - 2 ราย', 5, b'1', 2562),
(03811, 00811, '2019-06-04', 5, '', '3557', 1, 'CMR54 - 570551006', 5, b'1', 2562),
(03812, 00812, '2019-06-04', 5, '', '3558', 1, 'CMR54 - 590551051', 5, b'1', 2562),
(03813, 00813, '2019-06-04', 5, '', '3559', 1, 'CMR54 - 560551010', 5, b'1', 2562),
(03830, 00814, '2019-06-04', 7, '', '8909', 1, 'ส่งเกรด 2561', 5, b'1', 2562),
(03831, 00815, '2019-06-04', 99, '', '1864', 1, 'แจ้งอนุมัติให้นับกระบวนวิชา', 5, b'1', 2562),
(03832, 00816, '2019-06-04', 15, '4-2-1', '226', 1, 'ส่งเกรด 2/2561', 5, b'1', 2562),
(03863, 00817, '2019-06-05', 21, '', '1445', 1, 'CMR54 - 562151001', 5, b'1', 2562),
(03864, 00818, '2019-06-05', 11, '', '0833', 1, 'CMR54 - 591131014', 5, b'1', 2562),
(03865, 00819, '2019-06-05', 5, '', '3594', 1, 'CMR54 - 590531082', 5, b'1', 2562),
(03866, 00820, '2019-06-05', 2, '13', '189', 1, 'CMR54 - 10 ราย', 5, b'1', 2562),
(03889, 00821, '2019-06-05', 7, '', '8029', 1, 'CMR54 - 580731002', 5, b'1', 2562),
(03890, 00822, '2019-06-05', 15, '', '241', 1, 'CMR54 - 7 ราย', 5, b'1', 2562),
(03891, 00823, '2019-06-05', 15, '.2-4-2', '245', 1, 'CMR54 - 4 ราย', 5, b'1', 2562),
(03908, 00824, '2019-06-06', 5, '', '3626', 1, 'CMR54 - 580531140', 5, b'1', 2562),
(03909, 00825, '2019-06-07', 5, '', '3627', 1, 'CMR54 - 600531016', 5, b'1', 2562),
(03910, 00826, '2019-06-07', 99, '', '1894', 1, 'CMR54 - 579932087', 5, b'1', 2562),
(03911, 00827, '2019-06-07', 4, '', '1169', 1, 'CMR54 - 600432004', 5, b'1', 2562),
(03932, 00828, '2019-06-07', 1, '', '1598', 1, 'CMR54 - 590131022', 5, b'1', 2562),
(03933, 00829, '2019-06-07', 1, '', '1597', 1, 'CMR54 - 590132086', 5, b'1', 2562),
(03951, 00830, '2019-06-07', 99, '', '1918', 1, 'ขอส่งสำเนาเอกสาร', 4, b'1', 2562),
(03952, 00831, '2019-06-07', 99, '', '1914', 1, 'ขอความอนุเคราะห์เปลี่ยนสถานภาพนักศึกษาทดลองเรียนเป็นนักศึกษาเต็มเวลา', 2, b'1', 2562),
(03983, 00832, '2019-06-10', 5, '', '3697', 1, 'CMR54 - 600531007', 5, b'1', 2562),
(03984, 00833, '2019-06-10', 17, '', '1043', 1, 'ขอลงทะเบียนเพื่อใช้บริการของมหาวิทยาลัยหลังกำหนดเป็นกรณีพิเศษ ภาค3/2561', 4, b'1', 2562),
(03985, 00834, '2019-06-10', 99, '', '1948', 1, 'นักศึกษาหลักสูตรนานาชาติ ลาศึกษา/ทำวิจัย 3/2561', 4, b'1', 2562),
(03995, 00835, '2019-06-10', 6, '', '2254', 1, 'CMR54 - 3 ราย', 5, b'1', 2562),
(03996, 00836, '2019-06-10', 7, '', '9202', 1, 'ส่งเกรด 2/2561', 5, b'1', 2562),
(04027, 00837, '2019-06-11', 15, '', '341', 1, 'ส่งเกรด 3/2560', 5, b'1', 2562),
(04028, 00838, '2019-06-11', 15, '4-2-1', '332', 1, 'ส่งเกรด 2/2560', 5, b'1', 2562),
(04029, 00839, '2019-06-11', 21, '', '1483', 1, 'CMR54 - 2 ราย', 5, b'1', 2562),
(04030, 00840, '2019-06-11', 16, '4.2.1', '349', 1, 'CMR54 - 571632033', 5, b'1', 2562),
(04031, 00841, '2019-06-11', 16, '4.2.1', '350', 1, 'CMR54 - 571632051', 5, b'1', 2562),
(04032, 00842, '2019-06-11', 4, '', '1215', 1, 'CMR54 - 570431015', 5, b'1', 2562),
(04051, 00843, '2019-06-11', 12, '', '4483', 1, 'CMR54 - 551255907', 5, b'1', 2562),
(04052, 00844, '2019-06-11', 3, '', '1086', 1, 'ขอปิดกระบวนวิชา 3/2561', 3, b'1', 2562),
(04053, 00845, '2019-06-11', 2, '13', '197', 1, 'CMR54 - 3 ราย', 5, b'1', 2562),
(04074, 00846, '2019-06-12', 5, '', '3768', 1, 'CMR54 - 570551065', 5, b'1', 2562);
INSERT INTO `doc` (`reg_num`, `gra_num`, `date`, `fac_id`, `from_sub_num`, `from_run_num`, `dear_to_id`, `title`, `staff_id`, `status`, `year_show`) VALUES
(04075, 00847, '2019-06-12', 5, '', '3770', 1, 'CMR54 - 570551025', 5, b'1', 2562),
(04076, 00848, '2019-06-12', 5, '', '3771', 1, 'CMR54 - 600531070', 5, b'1', 2562),
(04077, 00849, '2019-06-12', 6, '', '2297', 1, 'CMR54 - 580651021', 5, b'1', 2562),
(04135, 00850, '2019-06-13', 9, '.7.4.1', 'บศ.716', 1, 'CMR54 - 580931028', 5, b'1', 2562),
(04136, 00851, '2019-06-13', 17, '', '1073', 1, 'CMR54 - 2 ราย', 5, b'1', 2562),
(04149, 00852, '2019-06-13', 8, '', '1347', 1, 'CMR54 - 570831013', 5, b'1', 2562),
(04150, 00853, '2019-06-13', 99, '', '2000', 1, 'ขอส่งสำเนาเอกสาร', 4, b'1', 2562),
(04151, 00854, '2019-06-13', 16, '4.2.1', '361', 1, 'CMR54 - 601635912', 5, b'1', 2562),
(04164, 00855, '2019-06-14', 7, '', '9446', 1, 'ขอเลื่อนการรายงานตัว', 4, b'1', 2562),
(04165, 00856, '2019-06-14', 1, '', '1715', 1, 'CMR54 - 590151001', 5, b'1', 2562),
(04179, 00857, '2019-06-14', 5, '', '3880', 1, 'ขออนุมัติชำระค่าธรรมเนียมการศึกษาคงเหลือ - 610531049', 5, b'1', 2562),
(04180, 00858, '2019-06-14', 5, '', '3846', 1, 'ขอเปลี่ยนแปลงตอนกระบวนวิชา', 3, b'1', 2562),
(04195, 00859, '2019-06-17', 5, '', '3902', 1, 'CMR54 - 570551011', 5, b'1', 2562),
(04196, 00860, '2019-06-17', 6, '', '2374', 1, 'CMR54 - 560651019', 5, b'1', 2562),
(04218, 00861, '2019-06-17', 8, '', '1374', 1, 'CMR54 - 560851012', 5, b'1', 2562),
(04219, 00862, '2019-06-17', 5, '', '3939', 1, 'CMR54 - 570551066', 5, b'1', 2562),
(04220, 00863, '2019-06-17', 5, '', '3938', 1, 'CMR54 - 600531014', 5, b'1', 2562),
(04239, 00864, '2019-06-18', 6, '', '2390', 1, 'CMR54 - 5 ราย', 5, b'1', 2562),
(04240, 00865, '2019-06-18', 20, '', '862', 1, 'CMR54 - 572032017', 5, b'1', 2562),
(04241, 00866, '2019-06-18', 7, '', '9594', 1, 'ส่งเกรด 2/2561', 5, b'1', 2562),
(04242, 00867, '2019-06-18', 7, '', '9593', 1, 'ส่งเกรด 2/2561', 5, b'1', 2562),
(04254, 00868, '2019-06-18', 4, '', '1274', 1, 'CMR54 - 570431003', 5, b'1', 2562),
(04255, 00869, '2019-06-18', 99, '', '2065', 1, 'ส่งเอกสารเสนอขออนุมัติปริญญา (มช.22 บว.)', 2, b'1', 2562),
(04273, 00870, '2019-06-19', 16, '4.2.1', '371', 1, 'CMR54 - 601635823', 5, b'1', 2562),
(04274, 00871, '2019-06-19', 16, '4.2.1', '370', 1, 'CMR54 - 601635822', 5, b'1', 2562),
(04275, 00872, '2019-06-19', 22, '', '639', 1, 'CMR54 - 572232016', 5, b'1', 2562),
(04276, 00873, '2019-06-19', 22, '', '638', 1, 'CMR54 - 572232017', 5, b'1', 2562),
(04277, 00874, '2019-06-19', 22, '', '636', 1, 'CMR54 - 572232021', 5, b'1', 2562),
(04300, 00875, '2019-06-20', 4, '', '1292', 1, 'CMR54 - 580432032', 5, b'1', 2562),
(04301, 00876, '2019-06-20', 99, '', 'ว.2102', 1, 'แจ้งรับรองคุณวุฒิ', 3, b'1', 2562),
(04302, 00877, '2019-06-20', 99, '', 'ว.2101', 1, 'แจ้งรับรองคุณวุฒิ', 3, b'1', 2562),
(04303, 00878, '2019-06-20', 99, '', '2116', 1, 'อนุมัติขยายเวลาผ่อนผันรายงานตัว', 4, b'1', 2562),
(04304, 00879, '2019-06-20', 99, '4.2.1', '378', 1, 'CMR54 - 591631013', 5, b'1', 2562),
(04316, 00880, '2019-06-20', 6, '', '2451', 1, 'CMR54 - 590632023', 5, b'1', 2562),
(04317, 00881, '2019-06-20', 7, '', '9774', 1, 'แก้ I -361 - 600751012 - 317839', 5, b'1', 2562),
(04318, 00882, '2019-06-20', 7, '', '9775', 1, 'CMR54 - 590751018', 5, b'1', 2562),
(04328, 00883, '2019-06-21', 99, '', '2128', 1, 'แจ้งอนุมัติให้นักศึกษา ใช้หลักสูตรปรับปรุง', 2, b'1', 2562),
(04329, 00884, '2019-06-21', 15, '', '454', 1, 'CMR54 - 13 ราย', 5, b'1', 2562),
(04330, 00885, '2019-06-21', 9, '.7.4.1', 'บศ.801', 1, 'แก้ I - 261 - 408796 - 5 ราย', 5, b'1', 2562),
(04331, 00886, '2019-06-21', 9, '.7.4.1', 'บศ.802', 1, 'CMR54 - 590931027', 5, b'1', 2562),
(04332, 00887, '2019-06-21', 5, '', '4025', 1, 'CMR54 - 590531044', 5, b'1', 2562),
(04333, 00888, '2019-06-21', 5, '', '4026', 1, 'CMR54 - 590531133', 5, b'1', 2562),
(04334, 00889, '2019-06-21', 5, '', '4027', 1, 'CMR54 - 570551008', 5, b'1', 2562),
(04335, 00890, '2019-06-21', 5, '', '4028', 1, 'CMR54 - 590551013', 5, b'1', 2562),
(04354, 00891, '2019-06-21', 21, '', '1625', 1, 'ขอรายงานตัวหลังกำหนด 1/62', 1, b'1', 2562),
(04355, 00892, '2019-06-21', 21, '', '1640', 1, 'ขอ V หลังกำหนดกรณีพิเศษ', 4, b'1', 2562),
(04356, 00893, '2019-06-21', 12, '', '4866', 1, 'CMR54 - 551255902', 5, b'1', 2562),
(04357, 00894, '2019-06-21', 12, '', '4799', 1, 'CMR54 - 581231079', 5, b'1', 2562),
(04358, 00895, '2019-06-21', 2, '13', '208', 1, 'ขอเปิดกระบวนวิชา', 3, b'1', 2562),
(04359, 00896, '2019-06-21', 99, '', '2149', 1, 'ขอส่งสำเนาเอกสาร อนุมัติขยายเวลาผ่อนผันการรายงานตัว', 4, b'1', 2562),
(04360, 00897, '2019-06-21', 99, '', '2152', 1, 'ส่งประกาศ นักศึกษาพ้นสภาพฯ', 2, b'1', 2562),
(04361, 00898, '2019-06-21', 5, '', '4049', 1, 'ขอเปลี่ยนแปลงข้อมูลกระบวนวิชา', 3, b'1', 2562),
(04362, 00899, '2019-06-21', 1, '', '1777', 1, 'CMR54 - 590132041', 5, b'1', 2562),
(04416, 00900, '2019-06-25', 12, '', '4949', 1, 'ขอคืนสิทธิ์เพื่อเข้าศึกษาต่อ 1/2562 (นานาชาติ)', 4, b'1', 2562);

-- --------------------------------------------------------

--
-- Table structure for table `fac`
--

CREATE TABLE `fac` (
  `fac_id` smallint(3) UNSIGNED ZEROFILL NOT NULL,
  `fac_name` varchar(70) NOT NULL,
  `fac_name_eng` varchar(255) DEFAULT '',
  `fac_doc_code` varchar(15) NOT NULL DEFAULT ''
) ENGINE=MyISAM DEFAULT CHARSET=utf8 COMMENT='0=คณะ,1=หน่วยงานในมอ,2=นอกม,3=อื่นๆ';

--
-- Dumping data for table `fac`
--

INSERT INTO `fac` (`fac_id`, `fac_name`, `fac_name_eng`, `fac_doc_code`) VALUES
(002, 'คณะศึกษาศาสตร์', 'Education', '6593(15)'),
(003, 'คณะวิจิตรศิลป์', 'Fine Arts', '6593(12)'),
(004, 'คณะสังคมศาสตร์', 'Social Sciences', '6593(18)'),
(005, 'คณะวิทยาศาสตร์', 'Science', '6593(13)'),
(006, 'คณะวิศวกรรมศาสตร์', 'Engineering', '6593(14)'),
(007, 'คณะแพทยศาสตร์', 'Medicine', '6593(8)'),
(008, 'คณะเกษตรศาสตร์', 'Agriculture', '6593(2)'),
(009, 'คณะทันตแพทยศาสตร์', 'Dentistry', '6593(3)'),
(010, 'คณะเภสัชศาสตร์', 'Pharmacy', '6593(9)'),
(011, 'คณะเทคนิคการแพทย์', 'Associated Medical Sciences', '6593(4)'),
(012, 'คณะพยาบาลศาสตร์', 'Nursing', '6593(7)'),
(013, 'คณะอุตสาหกรรมเกษตร', 'Agro-Industry', '6593(20)'),
(014, 'คณะสัตวแพทยศาสตร์', 'Veterinary Medicine', '6593(19)'),
(015, 'คณะบริหารธุรกิจ', 'Business Administration', '6593(6)'),
(016, 'คณะเศรษฐศาสตร์', 'Economics', '6593(16)'),
(017, 'คณะสถาปัตยกรรมศาสตร์', 'Architecture', '6593(17)'),
(018, 'คณะการสื่อสารมวลชน', 'Mass Communication', '6593(1)'),
(019, 'คณะรัฐศาสตร์และรัฐประศาสนศาสตร์', 'Political Science and Public Administration', '6593(11)'),
(020, 'คณะนิติศาสตร์', 'Law', '6593(5)'),
(021, 'วิทยาลัยศิลปะ สื่อ และเทคโนโลยี', 'Arts, Media and Technology', '6593(21)'),
(099, 'บัณฑิตวิทยาลัย', 'Graduate School', '6593(23)'),
(025, 'สถาบันนโยบายสาธารณะ', 'School of Public Policy', '6593(-)'),
(026, 'สถาบันวิศวกรรมชีวการแพทย์', 'Biomedical Engineering Institute', '6593(-)'),
(022, 'คณะสาธารณสุขศาสตร์', 'Public Health', '6593(36)'),
(023, 'วิทยาลัยการศึกษาและการจัดการทางทะเล', 'College of Maritime Studies and Management', '6593(-)'),
(024, 'วิทยาลัยนานาชาตินวัตกรรมดิจิทัล', 'International College of Digital Innovation', '6593(22)'),
(101, 'กองคลัง', 'Financial Division', '6592(3)'),
(102, 'ธนาคารไทยพาณิชย์', 'Siam Commercial Bank', '----(-)'),
(001, 'คณะมนุษยศาสตร์', 'Humaninities', '6593(10)'),
(999, 'อื่นๆ', 'Others', '');

-- --------------------------------------------------------

--
-- Table structure for table `others_fac`
--

CREATE TABLE `others_fac` (
  `reg_num` smallint(5) UNSIGNED ZEROFILL NOT NULL DEFAULT '00000',
  `year_show` smallint(4) NOT NULL DEFAULT '0',
  `fac_name` varchar(70) NOT NULL,
  `fac_code_full` varchar(20) NOT NULL
) ENGINE=MyISAM DEFAULT CHARSET=utf8;

-- --------------------------------------------------------

--
-- Table structure for table `staff`
--

CREATE TABLE `staff` (
  `staff_id` tinyint(1) UNSIGNED NOT NULL,
  `staff_name` varchar(20) NOT NULL,
  `staff_surname` varchar(20) NOT NULL
) ENGINE=MyISAM DEFAULT CHARSET=utf8;

--
-- Dumping data for table `staff`
--

INSERT INTO `staff` (`staff_id`, `staff_name`, `staff_surname`) VALUES
(1, 'เสาวลักษณ์', 'สมบูรณ์ผล'),
(2, 'อรรถกร', 'คุณพันธ์'),
(3, 'ปราณี', 'อริยพฤกษ์'),
(4, 'ธิดาวรรณ', 'คุณพันธ์'),
(5, 'สิทธิพล', 'สกุลพรรณ์');

-- --------------------------------------------------------

--
-- Table structure for table `tips`
--

CREATE TABLE `tips` (
  `reg_num` smallint(5) UNSIGNED ZEROFILL NOT NULL,
  `tips` varchar(250) NOT NULL,
  `year_show` smallint(4) NOT NULL
) ENGINE=MyISAM DEFAULT CHARSET=utf8;

--
-- Dumping data for table `tips`
--

INSERT INTO `tips` (`reg_num`, `tips`, `year_show`) VALUES
(01592, '1532*36', 2562),
(01639, '1532*197', 2562),
(01652, '0631 * 2', 2562),
(01704, '1532*64', 2562),
(01742, '0931 * 7', 2562),
(01787, '1532*8', 2562),
(01809, '1532*185', 2562),
(01823, '0132*4', 2562),
(01845, '0331*4', 2562),
(02061, '0232*2', 2562),
(02132, '0831*2', 2562),
(02157, '0931*5', 2562),
(02286, '0231,0232', 2562),
(02287, '1632 * 2', 2562),
(02381, '1632,1635', 2562),
(02394, '9932*2', 2562),
(02573, '0741*10', 2562),
(02574, '2032*8', 2562),
(02586, '0232*94', 2562),
(02612, '0431*2', 2562),
(02613, '1331,1351', 2562),
(02635, '0131*3,0151*2,0132*2', 2562),
(02647, '0931*30', 2562),
(02650, '0631*2', 2562),
(02678, '2132*2', 2562),
(02739, '0922*14,0931*12', 2562),
(02749, '0631,0632', 2562),
(02750, '1532*20', 2562),
(02752, '0232,0252', 2562),
(02786, '1655*3', 2562),
(02847, '0831*2', 2562),
(02911, '1532*2', 2562),
(02913, '0132*3', 2562),
(02920, '0931*2', 2562),
(02938, '0831*3,0851', 2562),
(03029, '0631*2', 2562),
(03049, '2132*4', 2562),
(03092, '0232*2,0231*2', 2562),
(03189, '0232*4', 2562),
(03219, '0631*2', 2562),
(03406, '0831*4', 2562),
(03429, '1931*10,1932*8', 2562),
(03449, '0931*22', 2562),
(03474, '1532*2', 2562),
(03478, '2131,2132', 2562),
(03479, '2132*2', 2562),
(03606, '1551*2', 2562),
(03602, '1551*2', 2562),
(03663, '0232*4', 2562),
(03695, '1655*3', 2562),
(03727, '2232*3', 2562),
(03810, '0832*2', 2562),
(03866, '0232*9,0252', 2562),
(03890, '1532*7', 2562),
(03891, '1532*4', 2562),
(03995, '0632*3', 2562),
(04029, '2132*2', 2562),
(04053, '0232*3', 2562),
(04136, '1731*2', 2562),
(04239, '0651*3,0631*2', 2562),
(04329, '1532*13', 2562),
(04330, '0921*5', 2562);

--
-- Indexes for dumped tables
--

--
-- Indexes for table `dear_to`
--
ALTER TABLE `dear_to`
  ADD PRIMARY KEY (`dear_to_id`);

--
-- Indexes for table `doc`
--
ALTER TABLE `doc`
  ADD PRIMARY KEY (`reg_num`,`year_show`);

--
-- Indexes for table `fac`
--
ALTER TABLE `fac`
  ADD PRIMARY KEY (`fac_id`);

--
-- Indexes for table `others_fac`
--
ALTER TABLE `others_fac`
  ADD PRIMARY KEY (`reg_num`,`year_show`);

--
-- Indexes for table `staff`
--
ALTER TABLE `staff`
  ADD PRIMARY KEY (`staff_id`);

--
-- Indexes for table `tips`
--
ALTER TABLE `tips`
  ADD PRIMARY KEY (`reg_num`,`year_show`);
COMMIT;

/*!40101 SET CHARACTER_SET_CLIENT=@OLD_CHARACTER_SET_CLIENT */;
/*!40101 SET CHARACTER_SET_RESULTS=@OLD_CHARACTER_SET_RESULTS */;
/*!40101 SET COLLATION_CONNECTION=@OLD_COLLATION_CONNECTION */;
